,avg_review,brand,n_review,price_usd,product,product_url
3,4.6,bioClarity,802,34.95,SunFilter SPF 30 Mineral Face Sunscreen + 12 Hour Moisture,/sunfilter-spf-30-mineral-face-sunscreen-12-hour-moisture?productId=pimprod2022366
4,4.5,La Roche-Posay,42,49.99,Active C10 Vitamin C Anti-Wrinkle Face Cream,/active-c10-vitamin-c-anti-wrinkle-face-cream?productId=pimprod2019356
6,4.8,bioClarity,138,19.95,Skin Smoothie 24-Hour Gel Moisturizer,/skin-smoothie-24-hour-gel-moisturizer?productId=pimprod2022348
7,4.8,Tula,18,98.0,Supersize Limited Edition 24-7 Moisture Hydrating Day & Night Cream,/supersize-limited-edition-24-7-moisture-hydrating-day-night-cream?productId=pimprod2019533
8,4.4,StriVectin,49,39.0,Full Screen SPF 30 100% Mineral Vanishing Tint,/full-screen-spf-30-100-mineral-vanishing-tint?productId=pimprod2014612
9,4.3,ACURE,96,16.99,Brightening Day Cream,/brightening-day-cream?productId=pimprod2006232
10,4.6,Garnier,619,14.99,SkinActive Rose Water 24H Moisture Gel,/skinactive-rose-water-24h-moisture-gel?productId=pimprod2008050
11,3.7,Proactiv,7,30.0,T-Zone Oil Absorber,/t-zone-oil-absorber?productId=pimprod2014141
12,4.3,ARCONA,3,77.0,Peptide Hydrating Complex,/peptide-hydrating-complex?productId=pimprod2007138
13,5.0,SkinKick,3,26.0,Naturally Smart Blemish Relief Lotion,/naturally-smart-blemish-relief-lotion?productId=pimprod2017392
14,4.2,Mario Badescu,67,20.0,Kera Moisturizer,/kera-moisturizer?productId=xlsImpprod6200717
15,4.5,jane iredale,346,18.0,BeautyPrep Face Moisturizer Mini,/beautyprep-face-moisturizer-mini?productId=pimprod2004083
16,5.0,Milk + Honey,1,68.0,Intense Hydration Cream,/intense-hydration-cream?productId=pimprod2014350
17,4.6,Kitao,246,30.0,Matcha + Chia Facial Cream,/matcha-chia-facial-cream?productId=pimprod2004419
18,4.2,Mario Badescu,59,18.0,Ginseng Moist Cream,/ginseng-moist-cream?productId=xlsImpprod6200707
19,4.7,Pacifica,55,10.0,Travel Size Coconut Probiotic Water Rehab Cream,/travel-size-coconut-probiotic-water-rehab-cream?productId=pimprod2010144
20,2.8,Awake Beauty,14,26.0,Ray Of Bright Radiance Moisturizer,/ray-of-bright-radiance-moisturizer?productId=pimprod2006127
22,4.7,Elizabeth Arden,18,55.0,Visible Difference Replenishing HydraGel Complex,/visible-difference-replenishing-hydragel-complex?productId=pimprod2000307
23,4.8,Indeed Labs,17,19.99,10balm Cream,/10balm-cream?productId=pimprod2006897
24,4.4,Alpha Skin Care,43,17.99,Essential Renewal Lotion,/essential-renewal-lotion?productId=xlsImpprod13762025
25,4.5,Patchology,71,35.0,AquaFlash Daily Gel Moisturizer,/aquaflash-daily-gel-moisturizer?productId=xlsImpprod18431040
26,5.0,Winky Lux,4,30.0,Dream Gelee Hydrator,/dream-gelee-hydrator?productId=pimprod2004377
27,4.7,Lancôme,147,52.0,Bienfait Aqua Vital Crème Continuous Infusing Moisturizer,/bienfait-aqua-vital-creme-continuous-infusing-moisturizer?productId=xlsImpprod3650020
28,3.3,Awake Beauty,4,19.0,Travel Size Balance Shot Antioxidant Concentrate,/travel-size-balance-shot-antioxidant-concentrate?productId=pimprod2009718
29,4.0,PMD,4,47.0,Recovery Moisturizer,/recovery-moisturizer?productId=xlsImpprod11631101
30,4.0,Too Cool For School,4,28.0,Caviar Lime Hydra Moist Cream,/caviar-lime-hydra-moist-cream?productId=pimprod2018241
31,4.5,jane iredale,346,45.0,BeautyPrep Face Moisturizer,/beautyprep-face-moisturizer?productId=pimprod2004084
32,3.2,Dr. Brandt,6,48.0,Pores No More Mattifying Hydrator,/pores-no-more-mattifying-hydrator?productId=xlsImpprod18241037
33,4.4,Formula 10.0.6,5,14.0,Hydrate State Vitamin B Rejuvenating Daily Moisturizer,/hydrate-state-vitamin-b-rejuvenating-daily-moisturizer?productId=pimprod2012537
34,3.7,COVER FX,3,42.0,Custom Blending Moisturizer,/custom-blending-moisturizer?productId=pimprod2020761
35,4.1,Clinique,36,52.0,Repairwear Laser Focus Line Smoothing Cream Broad Spectrum SPF 15 Combination Oil to Oily,/repairwear-laser-focus-line-smoothing-cream-broad-spectrum-spf-15-combination-oil-oily?productId=xlsImpprod12991079
36,3.0,La Roche-Posay,1,34.99,Anthelios HA Mineral Daily Moisturizing Face Cream SPF 30,/anthelios-ha-mineral-daily-moisturizing-face-cream-spf-30?productId=pimprod2021600
37,4.8,Dr Roebuck's,17,45.0,No Worries Hydrating Face Moisturizer,/no-worries-hydrating-face-moisturizer?productId=pimprod2011500
38,3.7,L'Occitane,48,110.0,Immortelle Divine Light Cream SPF 20,/immortelle-divine-light-cream-spf-20?productId=pimprod2018472
39,5.0,ARCONA,1,60.0,Magic Dry Ice,/magic-dry-ice?productId=pimprod2007141
40,4.7,Olay,123,38.99,Regenerist Mineral Sunscreen Hydrating Moisturizer SPF 15,/regenerist-mineral-sunscreen-hydrating-moisturizer-spf-15?productId=pimprod2018844
41,5.0,ARCONA,1,68.0,Four O'Clock Flower,/four-oclock-flower?productId=pimprod2007148
42,3.8,Pacifica,5,12.0,Glow Jelly Dewy Radiance,/glow-jelly-dewy-radiance?productId=pimprod2016560
43,4.8,Everyday Humans,4,13.5,No Problemo Pre & Post-Sun Water,/no-problemo-pre-post-sun-water?productId=pimprod2017380
44,4.0,Baxter of California,25,36.0,Super Shape Skin Recharge Cream,/super-shape-skin-recharge-cream?productId=xlsImpprod18591009
45,4.3,Andalou Naturals,3,26.99,Quenching Coconut Water Visibly Firm Day Cream,/quenching-coconut-water-visibly-firm-day-cream?productId=xlsImpprod18881023
46,3.8,Vichy,11,8.5,Aqualia Thermal Crème,/aqualia-thermal-creme?productId=xlsImpprod19011123
47,4.8,L'Occitane,32,24.0,Aqua Réotier Moisture Prep Essence,/aqua-reotier-moisture-prep-essence?productId=pimprod2016164
48,4.5,Baxter of California,10,32.0,Oil Free Moisturizer SPF 15,/oil-free-moisturizer-spf-15?productId=xlsImpprod18591011
49,5.0,Pacifica,6,24.0,Wake Up Beautiful Overnight Retinoid Cream,/wake-up-beautiful-overnight-retinoid-cream?productId=pimprod2021669
50,2.3,Awake Beauty,3,14.0,Travel Size Sweet Hydration Moisturizer,/travel-size-sweet-hydration-moisturizer?productId=pimprod2009713
51,5.0,Makeup Revolution,1,14.0,Niacinamide Mattifying Moisture Cream,/niacinamide-mattifying-moisture-cream?productId=pimprod2021709
52,3.7,Formula 10.0.6,6,15.0,Daily Shield Vitamin C Broad Spectrum SPF 20 Moisturizer,/daily-shield-vitamin-c-broad-spectrum-spf-20-moisturizer?productId=pimprod2012545
53,3.9,Follain,9,28.0,Mattifying Moisturizer: Oil Control,/mattifying-moisturizer-oil-control?productId=pimprod2017182
54,4.5,Indeed Labs,29,24.99,Hydraluron Intense Moisture Lotion,/hydraluron-intense-moisture-lotion?productId=pimprod2006511
55,5.0,Urban Hydration,1,11.99,Castor & Shea Daily Lotion,/castor-shea-daily-lotion?productId=pimprod2016277
56,4.1,Formula 10.0.6,29,3.99,Travel Size Thirst No More,/travel-size-thirst-no-more?productId=xlsImpprod19011133
57,3.5,Pixi,2,24.0,Vitamin-C Lotion,/vitamin-c-lotion?productId=pimprod2013456
58,3.0,Every Man Jack,2,8.49,Mattifying Face Lotion Oil Defense,/mattifying-face-lotion-oil-defense?productId=xlsImpprod17071333
59,4.5,No7,230,13.5,Travel Size Lift & Luminate Triple Action Day Cream SPF 30,/travel-size-lift-luminate-triple-action-day-cream-spf-30?productId=pimprod2017059
61,4.8,SNP,4,12.0,Prep Peptaronic Tone Up Cream,/prep-peptaronic-tone-up-cream?productId=pimprod2016334
62,3.5,frank body,2,24.97,Sweet Cheeks Kit,/sweet-cheeks-kit?productId=pimprod2014527
63,5.0,florence by mills,3,10.0,Travel Size Dreamy Dew Moisturizer,/travel-size-dreamy-dew-moisturizer?productId=pimprod2021351
64,5.0,Duke Cannon Supply Co,2,4.99,Travel Size Standard Issue Face Lotion,/travel-size-standard-issue-face-lotion?productId=pimprod2002336
67,4.6,Klorane,64,30.0,Cornflower Water Cream,/cornflower-water-cream?productId=pimprod2018714
68,4.5,THE ROUTE,6,90.0,The Everything Day - Skin Rhythm Multi-Tasker,/everything-day-skin-rhythm-multi-tasker?productId=pimprod2011281
70,5.0,Erborian,1,48.0,Yuza Sorbet Day Cream,/yuza-sorbet-day-cream?productId=pimprod2017860
71,3.0,Indeed Labs,1,24.99,me-NO-pause Restorative Cream,/me-no-pause-restorative-cream?productId=pimprod2017433
72,4.1,Erborian,10,44.0,CC Dull Correct,/cc-dull-correct?productId=pimprod2009086
73,2.3,L'Occitane,3,30.0,Aqua Réotier Ultra Thirst-Quenching Gel,/aqua-reotier-ultra-thirst-quenching-gel?productId=pimprod2016160
75,3.8,SNP,5,12.0,Peptaronic Cream,/peptaronic-cream?productId=pimprod2016332
76,4.0,Pixi,1,24.0,Clarity Lotion,/clarity-lotion?productId=pimprod2021691
77,3.5,Anthony,2,24.47,High Performance Vitamin A Facial Treatment,/high-performance-vitamin-a-facial-treatment?productId=xlsImpprod18471029
78,2.6,Pixi,5,24.0,Retinol Jasmine Lotion,/retinol-jasmine-lotion?productId=pimprod2013451
79,3.3,Heritage Store,8,18.99,Hydrating Rose Aura Glow Gel Cream,/hydrating-rose-aura-glow-gel-cream?productId=pimprod2015058
80,4.4,No7,236,12.5,Travel Size Protect & Perfect Intense Advanced Day Cream,/travel-size-protect-perfect-intense-advanced-day-cream?productId=pimprod2017058
82,5.0,EVE LOM,2,115.0,Moisture Cream,/moisture-cream?productId=pimprod2009111
83,1.0,Maelys Cosmetics,1,29.0,Silk Enriched Face Cream,/silk-enriched-face-cream?productId=pimprod2012787
84,4.7,Lancôme,94,52.0,Bienfait Aqua Vital Lotion Continuous Infusing Moisturizer,/bienfait-aqua-vital-lotion-continuous-infusing-moisturizer?productId=xlsImpprod3650022
85,3.6,Clarisma,19,16.99,Cali Dreaming Cream Daily Moisturizer,/cali-dreaming-cream-daily-moisturizer?productId=pimprod2012810
87,3.5,ARCONA,6,46.0,Magic White Ice,/magic-white-ice?productId=pimprod2007143
88,3.3,Heritage Store,4,18.99,Brightening Citrus Aura Glow Gel Cream,/brightening-citrus-aura-glow-gel-cream?productId=pimprod2015059
89,4.5,My Clarins,479,16.0,Travel Size Re-Boost Refreshing Hydrating Cream,/travel-size-re-boost-refreshing-hydrating-cream?productId=pimprod2019928
90,4.2,ACURE,63,18.99,Seriously Soothing Cloud Cream,/seriously-soothing-cloud-cream?productId=pimprod2021229
91,1.0,Heritage Store,1,18.99,Balancing CBD Aura Glow Gel Cream,/balancing-cbd-aura-glow-gel-cream?productId=pimprod2015062
97,4.7,Elizabeth Arden,139,42.0,Great 8 Daily Defense Moisturizer SPF 35,/great-8-daily-defense-moisturizer-spf-35?productId=pimprod2006702
99,5.0,It Cosmetics,10,52.0,Limited Edition Color Awakening Skin & Lip Duo,/limited-edition-color-awakening-skin-lip-duo?productId=pimprod2014629
100,3.4,Origins,88,47.0,A Perfect World Antioxidant Moisturizer with White Tea,/a-perfect-world-antioxidant-moisturizer-with-white-tea?productId=xlsImpprod15911081
101,4.6,La Roche-Posay,103,49.99,Pure Vitamin C Face Cream,/pure-vitamin-c-face-cream?productId=pimprod2019700
102,4.7,bioClarity,15,21.95,Primed & Ready 2-in-1 Moisturizer and Primer,/primed-ready-2-in-1-moisturizer-primer?productId=pimprod2022361
103,5.0,Ahava,2,99.0,Apple Of Sodom Advanced Deep Wrinkle Cream,/apple-of-sodom-advanced-deep-wrinkle-cream?productId=pimprod2010023
104,4.7,boscia,27,40.0,Revitalizing Black Charcoal Hydration Gel,/revitalizing-black-charcoal-hydration-gel?productId=xlsImpprod18751547
105,4.5,Clinique,332,5.5,Travel Size Dramatically Different Oil-Free Gel,/travel-size-dramatically-different-oil-free-gel?productId=xlsImpprod12481039
106,4.4,YourGoodSkin,17,12.99,SPF 30 Anti-Oxidant Day Cream,/spf-30-anti-oxidant-day-cream?productId=xlsImpprod18751405
107,5.0,Cetaphil,3,8.99,Soothing Gel Cream,/soothing-gel-cream?productId=pimprod2017836
108,4.5,Clarins,30,49.0,Hydra-Essentiel Rich Cream,/hydra-essentiel-rich-cream?productId=xlsImpprod15571109
109,3.3,ACURE,102,18.99,Seriously Soothing SPF 30 Day Cream,/seriously-soothing-spf-30-day-cream?productId=pimprod2006229
110,4.3,First Aid Beauty,3,16.0,Travel Size Ultra Repair Cream Cranberry Pomegranate,/travel-size-ultra-repair-cream-cranberry-pomegranate?productId=pimprod2015927
111,4.5,Everyday Humans,50,24.0,Resting Beach Face SPF30 Sunscreen Serum,/resting-beach-face-spf30-sunscreen-serum?productId=pimprod2017378
112,4.8,ArtNaturals LUXE,98,18.99,Scent Free Moisturizer,/scent-free-moisturizer?productId=pimprod2012699
113,4.3,Mario Badescu,58,24.0,The Moisture Magnet SPF 15,/moisture-magnet-spf-15?productId=xlsImpprod6200795
114,4.5,Vichy,62,31.0,Aqualia Thermal Water Gel Face Moisturizer,/aqualia-thermal-water-gel-face-moisturizer?productId=pimprod2004933
115,4.5,Pacifica,217,16.0,Kale Luxe Oil-Free Cream,/kale-luxe-oil-free-cream?productId=xlsImpprod14471163
116,3.3,Aveeno,16,18.99,Clear Complexion Sheer Daily Moisturizer SPF 30,/clear-complexion-sheer-daily-moisturizer-spf-30?productId=pimprod2009338
118,4.8,Honest Beauty,12,60.0,Sleep Bright Kit,/sleep-bright-kit?productId=pimprod2019848
119,4.2,Clinique,5,114.0,Clinique Smart Clinical De-aging Duo,/clinique-smart-clinical-de-aging-duo?productId=pimprod2020498
120,4.2,I Dew Care,571,23.0,Say You Dew Moisturizing Vitamin C Gel + Cream,/say-you-dew-moisturizing-vitamin-c-gel-cream?productId=pimprod2006844
121,4.3,Vichy,57,45.0,LiftActiv Retinol HA Anti-Wrinkle Concentrate Serum,/liftactiv-retinol-ha-anti-wrinkle-concentrate-serum?productId=pimprod2004932
122,4.3,Tarte,45,19.0,"Sugar Rush - Don't Hate, Hydrate Oil Free Moisturizer",/sugar-rush-dont-hate-hydrate-oil-free-moisturizer?productId=pimprod2004314
123,3.8,Lancôme,96,43.0,Bienfait Multi-Vital Eye Sunscreen Broad Spectrum SPF 30,/bienfait-multi-vital-eye-sunscreen-broad-spectrum-spf-30?productId=xlsImpprod3650026
124,5.0,Fifth & Root,3,48.0,Salvation All-Over CBD Salve,/salvation-all-over-cbd-salve?productId=pimprod2017696
125,4.0,Clarins,7,88.0,Extra-Firming Wrinkle Control Firming Day Rich Cream For Dry Skin,/extra-firming-wrinkle-control-firming-day-rich-cream-dry-skin?productId=xlsImpprod17491015
126,4.3,Mario Badescu,99,25.0,Honey Moisturizer,/honey-moisturizer?productId=xlsImpprod6200719
127,4.0,ACURE,44,16.99,Incredibly Clear Mattifying Moisturizer,/incredibly-clear-mattifying-moisturizer?productId=pimprod2011693
128,4.0,Bliss,168,22.0,What a Melon Water Jelly Hydrator for Combination Skin,/what-a-melon-water-jelly-hydrator-combination-skin?productId=pimprod2007771
129,4.2,Juice Beauty,252,52.0,Prebiotix Hydrating Gel Moisturizer,/prebiotix-hydrating-gel-moisturizer?productId=pimprod2002001
130,4.7,boscia,26,38.0,Chia Seed Moisture Cream,/chia-seed-moisture-cream?productId=pimprod2012540
131,4.9,Avène,62,30.0,Moisturizing Melt-In Balm,/moisturizing-melt-in-balm?productId=pimprod2020812
132,4.5,First Aid Beauty,94,16.0,Travel Size Ultra Repair Cream Pink Grapefruit,/travel-size-ultra-repair-cream-pink-grapefruit?productId=xlsImpprod16461059
133,4.8,Avène,52,42.0,TriXera Nutrition Nutri-Fluid Balm,/trixera-nutrition-nutri-fluid-balm?productId=pimprod2020820
134,3.9,Dermalogica,9,19.0,Travel Size Prisma Protect SPF 30,/travel-size-prisma-protect-spf-30?productId=pimprod2004269
135,4.6,Perricone MD,461,69.0,Hypoallergenic CBD Sensitive Skin Therapy Nourishing & Calming Moisturizer,/hypoallergenic-cbd-sensitive-skin-therapy-nourishing-calming-moisturizer?productId=pimprod2017618
136,3.5,Truly,49,28.0,Cream Skin Facial Moisturizer,/cream-skin-facial-moisturizer?productId=pimprod2002185
137,5.0,Duke Cannon Supply Co,1,12.5,Standard Issue Face Lotion,/standard-issue-face-lotion?productId=pimprod2002330
138,4.3,Tarte,19,14.0,Travel Size Baba Bomb Moisturizer,/travel-size-baba-bomb-moisturizer?productId=pimprod2007203
139,3.8,Kiehl's Since 1851,56,65.0,Pure Vitality Skin Renewing Cream,/pure-vitality-skin-renewing-cream?productId=pimprod2008783
140,5.0,SAND & SKY,1,50.0,Tasmanian Spring Water - Hydration Boost Cream,/tasmanian-spring-water-hydration-boost-cream?productId=pimprod2018162
141,4.0,INDIE LEE,59,48.0,Active Oil-Free Moisturizer,/active-oil-free-moisturizer?productId=pimprod2014418
142,4.5,Everyday Humans,26,9.0,Bomb Diggity Wonder Salve,/bomb-diggity-wonder-salve?productId=pimprod2017295
143,3.4,Thayers,12,14.99,Witch Hazel Blemish Clearing Balm,/witch-hazel-blemish-clearing-balm?productId=pimprod2012156
144,3.0,Estée Lauder,2,27.0,Travel Size Revitalizing Supreme+ Global Anti-Aging Cell Power Creme,/travel-size-revitalizing-supreme-global-anti-aging-cell-power-creme?productId=pimprod2017847
145,4.5,Mario Badescu,127,20.0,A.H.A. & Ceramide Moisturizer,/aha-ceramide-moisturizer?productId=xlsImpprod6200699
146,4.7,Ahava,66,46.0,Essential Day Moisturizer Combination,/essential-day-moisturizer-combination?productId=xlsImpprod3230207
147,4.0,Ahava,36,75.0,Extreme Day Cream,/extreme-day-cream?productId=xlsImpprod3560171
148,4.4,ELEMIS,3578,45.0,Superfood Day Cream,/superfood-day-cream?productId=xlsImpprod18731131
150,5.0,Avène,24,36.0,RICH Revitalizing Nourishing Cream,/rich-revitalizing-nourishing-cream?productId=pimprod2020818
151,3.6,L'Oréal,5,17.99,Revitalift Anti-Aging Face & Neck Cream Fragrance-Free,/revitalift-anti-aging-face-neck-cream-fragrance-free?productId=pimprod2009095
152,4.4,Indeed Labs,39,19.99,Nanoblur Cream,/nanoblur-cream?productId=pimprod2006515
153,4.2,Belli,9,32.0,Healthy Glow Facial Hydrator,/healthy-glow-facial-hydrator?productId=xlsImpprod6480370
154,4.5,Hempz,17,12.0,Travel Size CBD Thirsty Hydrating Facial Moisturizer 30,/travel-size-cbd-thirsty-hydrating-facial-moisturizer-30?productId=pimprod2011911
155,4.8,Formula 10.0.6,16,15.0,Hold Tight Vitamin B Smoothing Daily Primer,/hold-tight-vitamin-b-smoothing-daily-primer?productId=pimprod2012539
157,4.8,INDIE LEE,23,80.0,Daily Skin Nutrition,/daily-skin-nutrition?productId=pimprod2014427
158,5.0,Avène,21,23.0,CleananceHYDRA Soothing Cream,/cleanancehydra-soothing-cream?productId=pimprod2020800
159,4.4,My Clarins,643,26.0,RE-BOOST Matifying Hydrating Cream,/re-boost-matifying-hydrating-cream?productId=pimprod2003552
160,4.7,Alpha Skin Care,55,17.99,Enhanced Renewal Cream,/enhanced-renewal-cream?productId=xlsImpprod13762027
161,3.9,Origins,24,32.0,GinZing Glow-Boosting Gel Moisturizer,/ginzing-glow-boosting-gel-moisturizer?productId=pimprod2015697
162,4.2,NUDESTIX,5,38.0,NUDESKIN Citrus-C Mask & Daily Moisturizer,/nudeskin-citrus-c-mask-daily-moisturizer?productId=pimprod2019568
163,3.5,Mario Badescu,98,18.0,Control Moisturizer for Oily Skin,/control-moisturizer-oily-skin?productId=xlsImpprod6200709
164,3.6,Kiehl's Since 1851,38,44.0,Centella Sensitive Cica-Cream,/centella-sensitive-cica-cream?productId=pimprod2002962
165,4.7,Lano,30,24.0,"Face Base Vitamin E Day Cream - Natural, pH-Balanced, & Dermatologically Tested",/face-base-vitamin-e-day-cream-natural-ph-balanced-dermatologically-tested?productId=pimprod2004617
166,4.0,L'Oréal,3,11.49,Fragrance Free Collagen Moisture Filler Daily Moisturizer,/fragrance-free-collagen-moisture-filler-daily-moisturizer?productId=pimprod2017419
167,3.5,Heritage Store,4,4.75,Clarifying Lemon Aura Glow Gel Cream,/clarifying-lemon-aura-glow-gel-cream?productId=pimprod2015060
168,4.4,American Crew,8,18.0,All-In-One Face Balm Broad Spectrum SPF 15,/all-in-one-face-balm-broad-spectrum-spf-15?productId=xlsImpprod15911043
169,4.0,Differin,7,8.99,Soothing Moisturizer,/soothing-moisturizer?productId=xlsImpprod15791009
170,4.3,Philosophy,31,22.0,Purity Hydra-Essence,/purity-hydra-essence?productId=pimprod2003499
171,3.9,Physicians Formula,49,16.99,Rosé All Day Moisturizer SPF 30,/rose-all-day-moisturizer-spf-30?productId=pimprod2008991
172,5.0,Keys Soulcare,1,30.0,Skin Transformation Cream Fragrance Free,/skin-transformation-cream-fragrance-free?productId=pimprod2021928
173,4.2,Mario Badescu,52,15.0,Aloe Lotion,/aloe-lotion?productId=xlsImpprod6200783
174,4.7,Peach Slices,36,11.99,Starlit Glow Highlighting Moisturizer,/starlit-glow-highlighting-moisturizer?productId=pimprod2016356
175,4.3,Physicians Formula,29,16.99,24-Karat Gold Collagen Moisturizer,/24-karat-gold-collagen-moisturizer?productId=pimprod2013336
177,4.7,SKIN&CO,47,68.0,Truffle Therapy Cream,/truffle-therapy-cream?productId=xlsImpprod15981113
178,4.8,boscia,10,26.0,Triple Hyaluronic and Honeydew Moisture-Boost Gel Eye Masks,/triple-hyaluronic-honeydew-moisture-boost-gel-eye-masks?productId=pimprod2017564
179,5.0,Avène,1,32.0,Hydrance RICH Hydrating Cream,/hydrance-rich-hydrating-cream?productId=pimprod2020810
180,3.5,SUNDAY RILEY,51,65.0,Tidal Brightening Enzyme Water Cream,/tidal-brightening-enzyme-water-cream?productId=pimprod2007852
181,4.8,Avène,25,36.0,Revitalizing Nourishing Cream,/revitalizing-nourishing-cream?productId=pimprod2020832
182,3.9,Clarins,37,49.0,Hydra-Essentiel Cooling Gel,/hydra-essentiel-cooling-gel?productId=xlsImpprod15571115
183,4.3,Yes to,57,12.99,Watermelon Super Fresh Gel Moisturizer,/watermelon-super-fresh-gel-moisturizer?productId=pimprod2012725
184,3.4,Cetaphil,16,3.49,Travel Size Moisturizing Lotion,/travel-size-moisturizing-lotion?productId=pimprod2010151
185,4.1,belif,7,32.0,Pore Cleaner Moisturizer,/pore-cleaner-moisturizer?productId=pimprod2013185
186,3.6,Ahava,7,82.0,Beauty Before Age Uplift Day Cream,/beauty-before-age-uplift-day-cream?productId=xlsImpprod12812823
187,4.5,YUNI,59,24.0,Active Calm Firming Facial Moisturizer,/active-calm-firming-facial-moisturizer?productId=pimprod2006211
188,4.4,Origins,241,69.0,Dr. Andrew Weil for Origins Mega-Mushroom Relief & Resilience Hydra Burst Gel Lotion,/dr-andrew-weil-origins-mega-mushroom-relief-resilience-hydra-burst-gel-lotion?productId=pimprod2005377
189,4.7,YourGoodSkin,10,8.49,Brightening Exfoliating Wash,/brightening-exfoliating-wash?productId=xlsImpprod18751401
190,4.7,BeautyBio,98,65.0,The ZenBubble Calming Skin Shield,/zenbubble-calming-skin-shield?productId=pimprod2019384
191,4.8,Pacifica,32,10.0,Travel Size Dreamy Youth Day And Night Face Cream,/travel-size-dreamy-youth-day-night-face-cream?productId=pimprod2006782
192,4.4,Yes to,43,12.99,Vitamin C Nourishing Moisturizer,/vitamin-c-nourishing-moisturizer?productId=pimprod2016273
193,4.7,frank body,476,21.95,Caffeinated Face Moisturiser,/caffeinated-face-moisturiser?productId=xlsImpprod16361205
194,4.6,DHC,88,35.0,Rich Moisture,/rich-moisture?productId=pimprod2004249
195,4.2,Nivea,51,6.99,Men's Sensitive Post Shave Balm,/mens-sensitive-post-shave-balm?productId=prod2057893
196,5.0,Fifth & Root,5,48.0,Second Nature Calming Facial Moisturizer,/second-nature-calming-facial-moisturizer?productId=pimprod2017678
197,4.1,Origins,8,20.5,Travel Size Original Skin Matte Moisturizer with Willowherb,/travel-size-original-skin-matte-moisturizer-with-willowherb?productId=pimprod2006680
198,3.8,Pacifica,82,14.0,Sea & C Bright Luminizing Face Lotion,/sea-c-bright-luminizing-face-lotion?productId=pimprod2004038
200,4.0,Mario Badescu,145,24.0,Aloe Moisturizer SPF 15,/aloe-moisturizer-spf-15?productId=xlsImpprod6200701
201,4.2,Fourth Ray Beauty,34,14.0,Good Mood Gel Moisturizer,/good-mood-gel-moisturizer?productId=pimprod2012749
202,4.5,My Clarins,479,26.0,RE-BOOST Refreshing Hydrating Cream,/re-boost-refreshing-hydrating-cream?productId=pimprod2003557
203,4.4,Formula 10.0.6,238,9.49,Thirst No More! Moisturizer,/thirst-no-more-moisturizer?productId=xlsImpprod15661041
204,5.0,belif,6,38.0,Milky Moisturizer,/milky-moisturizer?productId=pimprod2013191
205,4.5,Pacifica,124,16.0,Mattify & Protect Daily Priming Lotion SPF 35,/mattify-protect-daily-priming-lotion-spf-35?productId=pimprod2014106
206,4.6,Shiseido,79,48.0,Essential Energy Moisturizing Gel Cream,/essential-energy-moisturizing-gel-cream?productId=xlsImpprod17491049
207,5.0,Avène,66,35.0,Skin Recovery Cream RICH,/skin-recovery-cream-rich?productId=pimprod2020817
208,4.9,ArtNaturals LUXE,99,18.99,Hydrating Moisturizer,/hydrating-moisturizer?productId=pimprod2012711
209,4.2,Aveeno,506,18.99,Ultra-Calming Daily Moisturizer SPF 30,/ultra-calming-daily-moisturizer-spf-30?productId=xlsImpprod17762079
210,4.5,Elizabeth Arden,37,24.0,Eight Hour Cream Skin Protectant Fragrance Free,/eight-hour-cream-skin-protectant-fragrance-free?productId=xlsImpprod13671041
211,3.3,Juice Beauty,186,30.0,SPF 30 Oil-Free Moisturizer,/spf-30-oil-free-moisturizer?productId=xlsImpprod5340033
212,4.2,Mario Badescu,118,24.0,Oil Free Moisturizer SPF 17,/oil-free-moisturizer-spf-17?productId=xlsImpprod6200713
213,3.8,Naturally G4U,12,6.24,Be Well CBD Keep Calm Moisturizing Stick,/be-well-cbd-keep-calm-moisturizing-stick?productId=pimprod2006425
214,4.7,Clarins,111,49.0,Beauty Flash Balm,/beauty-flash-balm?productId=xlsImpprod11591215
215,4.3,Clinique,5950,39.5,Clinique iD Dramatically Different For Uneven Skin Tone,/clinique-id-dramatically-different-uneven-skin-tone?productId=pimprod2014092
216,4.6,Olay,319,38.99,Total Effects Whip Moisturizer SPF 40,/total-effects-whip-moisturizer-spf-40?productId=pimprod2008718
217,4.2,e.l.f. Cosmetics,23,15.0,50 MG CBD Moisturizer,/50-mg-cbd-moisturizer?productId=pimprod2016304
218,3.9,It Cosmetics,19,12.0,Travel Size Confidence In A Gel Lotion Oil-Free Moisturizer,/travel-size-confidence-in-a-gel-lotion-oil-free-moisturizer?productId=pimprod2007648
219,4.5,Kiehl's Since 1851,53,60.0,Powerful Wrinkle Reducing Cream SPF 30,/powerful-wrinkle-reducing-cream-spf-30?productId=pimprod2002921
220,4.2,Aveeno,421,18.99,Daily Moisturizer,/daily-moisturizer?productId=xlsImpprod640006
221,4.5,Estée Lauder,103,70.0,Nutritious Super-Pomegranate Radiant Energy Moisture Crème,/nutritious-super-pomegranate-radiant-energy-moisture-creme?productId=pimprod2003016
222,4.9,Avène,112,36.0,Hydrance Aqua Gel,/hydrance-aqua-gel?productId=pimprod2020807
223,4.5,Clinique,428,69.0,Clinique Smart Clinical MD Multi-Dimensional Age Transformer Revolumize,/clinique-smart-clinical-md-multi-dimensional-age-transformer-revolumize?productId=pimprod2008726
224,4.7,Exuviance,18,47.0,Glycolic Perfecting Night Moisturizer,/glycolic-perfecting-night-moisturizer?productId=pimprod2010407
225,3.5,Kiehl's Since 1851,42,68.0,Super Multi Corrective Cream SPF 30,/super-multi-corrective-cream-spf-30?productId=pimprod2002898
226,4.5,Elizabeth Arden,181,80.0,Ceramide Lift and Firm Day Cream Broad Spectrum Sunscreen SPF 30,/ceramide-lift-firm-day-cream-broad-spectrum-sunscreen-spf-30?productId=xlsImpprod1610003
227,4.3,belif,10,38.0,Problem Solution Moisturizer,/problem-solution-moisturizer?productId=pimprod2013168
228,4.5,TONYMOLY,36,18.5,Panda's Dream Rose Hyaluronic Face Cream,/pandas-dream-rose-hyaluronic-face-cream?productId=pimprod2006519
229,4.0,Avène,5,28.0,Cicalfate+ Restorative Protective Cream,/cicalfate-restorative-protective-cream?productId=pimprod2020798
230,5.0,Tarte,2,39.0,Knockout Brightening Gel Moisturizer,/knockout-brightening-gel-moisturizer?productId=pimprod2016731
231,4.8,cocokind,20,8.99,MyMatcha Moisture Stick,/mymatcha-moisture-stick?productId=pimprod2015184
232,4.1,Proactiv,54,24.0,Daily Oil Control SPF 30,/daily-oil-control-spf-30?productId=xlsImpprod16621081
233,4.5,Hanskin,62,30.0,Hyaluron Moisture Cream,/hyaluron-moisture-cream?productId=pimprod2007171
234,4.6,Everyday Humans,34,25.0,Rosé S'Il Vous Plait SPF30 Gentle Mineral Sunscreen,/rose-sil-vous-plait-spf30-gentle-mineral-sunscreen?productId=pimprod2017379
235,3.8,Kiehl's Since 1851,83,32.0,Ultra Facial Moisturizer SPF 30,/ultra-facial-moisturizer-spf-30?productId=pimprod2002927
236,4.5,Botanics,110,17.99,Simply Calm Hydrating Face Cream,/simply-calm-hydrating-face-cream?productId=pimprod2012836
238,4.9,Pixi,12,24.0,Rose Ceramide Cream,/rose-ceramide-cream?productId=pimprod2013450
239,4.7,Garnier,654,14.99,SkinActive Water Rose 24H Moisture Cream,/skinactive-water-rose-24h-moisture-cream?productId=pimprod2008023
240,4.4,Mario Badescu,87,18.0,Cellufirm Moisturizer,/cellufirm-moisturizer?productId=xlsImpprod6200811
241,4.5,Dermalogica,715,16.0,Travel Size Skin Smoothing Cream,/travel-size-skin-smoothing-cream?productId=pimprod2000017
242,4.2,Exuviance,78,46.0,Glycolic Expert Daily Moisturizer,/glycolic-expert-daily-moisturizer?productId=xlsImpprod5580045
243,4.4,Philosophy,1102,28.0,Travel Size Ultimate Miracle Worker SPF 30,/travel-size-ultimate-miracle-worker-spf-30?productId=xlsImpprod12661071
244,4.3,Origins,57,69.0,Online Only Dr. Andrew Weil for Origins Mega-Mushroom Relief & Resilience Soothing Cream,/dr-andrew-weil-origins-mega-mushroom-relief-resilience-soothing-cream?productId=pimprod2005378
245,3.0,Lancôme,2,120.0,Visibly Lift & Firm Rénergie Lift Multi-Action Ultra Lotion Set,/visibly-lift-firm-renergie-lift-multi-action-ultra-lotion-set?productId=pimprod2015774
246,4.5,Perricone MD,197,98.0,Essential Fx Acyl-Glutathione Rejuvenating Moisturizer,/essential-fx-acyl-glutathione-rejuvenating-moisturizer?productId=xlsImpprod18931466
247,3.7,First Aid Beauty,35,30.0,Skin Rescue Purifying Mask with Red Clay,/skin-rescue-purifying-mask-with-red-clay?productId=xlsImpprod15601035
248,4.3,Clinique,5950,5.5,Travel Size Dramatically Different Hydrating Jelly,/travel-size-dramatically-different-hydrating-jelly?productId=xlsImpprod18791011
249,3.8,florence by mills,376,18.0,Like a Light Skin Tint,/like-a-light-skin-tint?productId=pimprod2009411
250,4.3,L'Oréal,348,17.99,Anti-Sagging and Ultra Hydrating Day Cream with Dermo-Peptide SPF 15,/anti-sagging-ultra-hydrating-day-cream-with-dermo-peptide-spf-15?productId=prod2056844
251,4.8,DHC,110,39.0,Olive Virgin Oil Essential Cream,/olive-virgin-oil-essential-cream?productId=pimprod2011586
252,4.5,Skinfood,145,15.0,Peach Sake Emulsion,/peach-sake-emulsion?productId=xlsImpprod14431247
253,3.7,Formula 10.0.6,1194,7.49,Seriously Shine Free Mattifying Oil Free Moisturizer,/seriously-shine-free-mattifying-oil-free-moisturizer?productId=xlsImpprod2140107
254,4.4,Garnier,1037,8.99,SkinActive Moisture Rescue Refreshing Gel-Cream,/skinactive-moisture-rescue-refreshing-gel-cream?productId=xlsImpprod2450071
255,4.5,Dermalogica,715,16.5,Travel Size Intensive Moisture Balance,/travel-size-intensive-moisture-balance?productId=pimprod2003119
256,3.8,One Love Organics,4,49.0,Skin Savior Multi-Tasking Wonder Balm,/skin-savior-multi-tasking-wonder-balm?productId=pimprod2019564
257,4.4,Oh K!,128,15.0,Chok Chok Glowing Moisturiser,/chok-chok-glowing-moisturiser?productId=pimprod2004050
258,4.7,Dr. Brandt,9,72.0,Hyaluronic Facial Cream,/hyaluronic-facial-cream?productId=pimprod2004412
259,4.7,Origins,125,27.0,A Perfect World Age-Defense Treatment Lotion with White Tea,/a-perfect-world-age-defense-treatment-lotion-with-white-tea?productId=xlsImpprod15071375
260,4.8,Heritage Store,6,4.75,Calming Lavender Aura Glow Gel Cream,/calming-lavender-aura-glow-gel-cream?productId=pimprod2015061
261,4.6,Lancôme,1461,25.0,Travel Size Rénergie Lift Multi-Action Lifting And Firming Cream - All Skin Types,/travel-size-renergie-lift-multi-action-lifting-firming-cream-all-skin-types?productId=pimprod2011782
262,4.4,Honest Beauty,31,15.0,Magic Beauty Balm Stick,/magic-beauty-balm-stick?productId=pimprod2015198
263,4.5,Clinique,50,12.0,Travel Size Moisture Surge Hydrating Supercharged Concentrate,/travel-size-moisture-surge-hydrating-supercharged-concentrate?productId=xlsImpprod16101063
264,5.0,Josh Rosebrook,2,85.0,Nutrient Day Cream SPF 30,/nutrient-day-cream-spf-30?productId=pimprod2019216
265,3.8,Formula 10.0.6,424,7.49,Picture Perfect Day Moisturizer SPF 15,/picture-perfect-day-moisturizer-spf-15?productId=xlsImpprod6460053
266,4.3,Kate Somerville,9,88.0,Wrinkle Warrior Hydration Gel,/wrinkle-warrior-hydration-gel?productId=pimprod2015711
267,4.4,Garnier,1037,8.99,SkinActive Moisture Rescue Refreshing Gel-Cream For Dry Skin,/skinactive-moisture-rescue-refreshing-gel-cream-dry-skin?productId=xlsImpprod4560019
268,4.3,Kiehl's Since 1851,30,60.0,Clearly Corrective Brightening Smoothing Moisture Treatment,/clearly-corrective-brightening-smoothing-moisture-treatment?productId=pimprod2002935
269,3.7,Awake Beauty,7,30.0,Sweet Hydration Moisturizer,/sweet-hydration-moisturizer?productId=pimprod2009712
270,4.5,Philosophy,675,14.0,Purity Made Simple Moisturizer,/purity-made-simple-moisturizer?productId=pimprod2004625
271,3.3,Clinique,8,51.0,Even Better Skin Tone Correcting Lotion SPF 20,/even-better-skin-tone-correcting-lotion-spf-20?productId=xlsImpprod10791805
272,4.5,Skinfood,178,8.0,Peach Jelly Soothing Gel 90,/peach-jelly-soothing-gel-90?productId=xlsImpprod18601055
273,4.8,ELEMIS,36,128.0,Dynamic Resurfacing Day Cream SPF 30,/dynamic-resurfacing-day-cream-spf-30?productId=xlsImpprod18731109
274,4.2,COOLA,86,42.0,Full Spectrum 360° Mineral Sun Silk Moisturizer SPF 30,/full-spectrum-360-mineral-sun-silk-moisturizer-spf-30?productId=pimprod2012872
275,4.3,Fourth Ray Beauty,4,16.0,The Daily Face Cream,/daily-face-cream?productId=pimprod2018507
276,3.1,ACURE,93,18.99,Radically Rejuvenating SPF 30 Day Cream,/radically-rejuvenating-spf-30-day-cream?productId=pimprod2011674
277,4.7,Curél,122,30.0,Moisture Facial Milk,/moisture-facial-milk?productId=pimprod2009884
278,5.0,Every Man Jack,3,7.49,Daily Sun Protection Face Lotion SPF 20,/daily-sun-protection-face-lotion-spf-20?productId=xlsImpprod17071353
279,4.3,Elizabeth Arden,160,55.0,Visible Difference Refining Moisture Cream Complex,/visible-difference-refining-moisture-cream-complex?productId=prod2047631
280,4.2,Bliss,260,22.0,Ex-Glow-Sion Moisturizer,/ex-glow-sion-moisturizer?productId=xlsImpprod17921134
281,4.1,Andalou Naturals,15,20.99,CannaCell Happy Day Cream,/cannacell-happy-day-cream?productId=pimprod2007002
282,4.4,W3LL PEOPLE,680,30.0,Bio Tint Multi-Action Moisturizer with SPF 30,/bio-tint-multi-action-moisturizer-with-spf-30?productId=pimprod2008564
283,4.4,Andalou Naturals,38,15.99,Ultra Sheer Daily Defense Facial Lotion,/ultra-sheer-daily-defense-facial-lotion?productId=xlsImpprod13762147
284,5.0,Jack Black,1,55.0,Nighttime BAK-Up,/nighttime-bak-up?productId=pimprod2013493
285,4.0,Morphe,9,16.0,Morphe 2 Total Softie Gel Moisturizer,/morphe-2-total-softie-gel-moisturizer?productId=pimprod2021634
286,4.5,Banila Co,308,42.0,Miss Flower & Mr. Honey Cream,/miss-flower-mr-honey-cream?productId=pimprod2018581
287,4.0,Peter Thomas Roth,4,75.0,Vital-E Microbiome Moisture Defense Cream,/vital-e-microbiome-moisture-defense-cream?productId=pimprod2015086
288,4.5,L'Oréal,806,24.99,Age Perfect Rosy Tone Fragrance Free Face Moisturizer,/age-perfect-rosy-tone-fragrance-free-face-moisturizer?productId=pimprod2001390
289,4.7,Dr. Brandt,88,55.0,Cool Biotic Pre-Biotic Redness Relief Cream,/cool-biotic-pre-biotic-redness-relief-cream?productId=pimprod2016988
290,4.0,Kiehl's Since 1851,27,28.0,Oil Eliminator 24 Hour Anti Shine Moisturizer,/oil-eliminator-24-hour-anti-shine-moisturizer?productId=pimprod2002899
291,4.5,boscia,51,38.0,Tsubaki Swirl,/tsubaki-swirl?productId=pimprod2002489
292,4.4,Tarte,5,18.0,Travel Size Shape Tape First Step Prep Moisturizer,/travel-size-shape-tape-first-step-prep-moisturizer?productId=pimprod2012650
293,4.6,BeautyBio,88,125.0,The Quench Rapid Recovery Cream,/quench-rapid-recovery-cream?productId=pimprod2019383
294,4.5,Skyn Iceland,15,42.0,Arctic Repair Cream,/arctic-repair-cream?productId=pimprod2019686
295,4.7,Pacifica,119,16.0,Cosmic Shield Hydration Lock Face Cream,/cosmic-shield-hydration-lock-face-cream?productId=pimprod2012330
296,4.1,Tarte,35,39.0,Baba Bomb Moisturizer,/baba-bomb-moisturizer?productId=pimprod2007200
297,4.7,Shiseido,91,120.0,BioPerformance LiftDynamic Cream,/bioperformance-liftdynamic-cream?productId=xlsImpprod14351119
298,4.8,Olay,130,38.99,Regenerist Mineral Sunscreen Hydrating Moisturizer SPF 30,/regenerist-mineral-sunscreen-hydrating-moisturizer-spf-30?productId=pimprod2018843
299,4.7,Honest Beauty,16,75.0,Dew Wonders Kit,/dew-wonders-kit?productId=pimprod2020128
300,4.6,KORRES,5,36.0,Greek Yoghurt Nourishing Probiotic Gel-Cream,/greek-yoghurt-nourishing-probiotic-gel-cream?productId=pimprod2020741
301,4.4,Mamonde,154,26.0,Rose Water Gel Cream,/rose-water-gel-cream?productId=pimprod2003990
302,4.0,Derma E,367,24.99,Hydrating Day Cream,/hydrating-day-cream?productId=xlsImpprod4180713
303,4.6,bareMinerals,160,62.0,Ageless Phyto-Retinol Face Cream,/ageless-phyto-retinol-face-cream?productId=pimprod2019600
304,4.4,Olay,2280,38.99,Regenerist Whip Fragrance-Free Moisturizer,/regenerist-whip-fragrance-free-moisturizer?productId=pimprod2001381
305,4.1,Vichy,85,39.0,LiftActiv Peptide-C Anti-Aging Face Moisturizer,/liftactiv-peptide-c-anti-aging-face-moisturizer?productId=pimprod2007282
306,4.4,PEACH & LILY,5,23.0,Travel Size Matcha Pudding Antioxidant Cream,/travel-size-matcha-pudding-antioxidant-cream?productId=pimprod2017869
307,4.4,The Body Shop,17,34.0,Drops Of Youth Day Cream,/drops-of-youth-day-cream?productId=xlsImpprod14431177
308,3.7,Cetaphil,72,17.99,Facial Hydrating Lotion,/facial-hydrating-lotion?productId=xlsImpprod15622971
309,4.0,MAC,72,45.0,Mineralize Timecheck Lotion,/mineralize-timecheck-lotion?productId=xlsImpprod15921192
310,4.6,DHC,279,49.0,Astaxanthin All-In-One Collagen Gel,/astaxanthin-all-in-one-collagen-gel?productId=pimprod2004250
311,4.5,Peach Slices,413,11.99,Citrus-Honey Aqua Glow Hydrating Moisture-Gel,/citrus-honey-aqua-glow-hydrating-moisture-gel?productId=pimprod2016355
312,4.6,Lano,54,16.95,Everywhere Multi-Cream - Dry Skin Treatment,/everywhere-multi-cream-dry-skin-treatment?productId=xlsImpprod15241172
313,3.9,Cetaphil,158,16.79,UVA/UVB Defense SPF50 Daytime Moisturizer,/uvauvb-defense-spf50-daytime-moisturizer?productId=xlsImpprod2160013
314,4.6,L'Occitane,603,110.0,Immortelle Divine Cream,/immortelle-divine-cream?productId=pimprod2016157
315,4.7,OSEA,378,48.0,Atmosphere Protection Cream,/atmosphere-protection-cream?productId=pimprod2017698
317,4.8,GLAMGLOW,8,52.0,WATERBURST Triple Hyaluronic Glow Moisturizer,/waterburst-triple-hyaluronic-glow-moisturizer?productId=pimprod2017749
318,4.1,Clinique,7,46.0,Clinique For Men Anti-Fatigue Hydrating Concentrate SPF 25,/clinique-men-anti-fatigue-hydrating-concentrate-spf-25?productId=xlsImpprod19011103
319,3.7,Mario Badescu,172,28.0,Oil Free Moisturizer SPF 30,/oil-free-moisturizer-spf-30?productId=xlsImpprod6200803
320,4.3,First Aid Beauty,67,36.0,Ultra Repair Cream Pink Grapefruit,/ultra-repair-cream-pink-grapefruit?productId=xlsImpprod16461061
321,4.6,TONYMOLY,289,25.0,The Chok Chok Green Tea Watery Cream,/chok-chok-green-tea-watery-cream?productId=pimprod2008473
322,4.6,Tarte,56,35.0,Double Duty Beauty First Step Prep Moisture Reset Cream,/double-duty-beauty-first-step-prep-moisture-reset-cream?productId=pimprod2002691
323,4.5,Clinique,401,5.5,Travel Size Dramatically Different Moisturizing Lotion+,/travel-size-dramatically-different-moisturizing-lotion?productId=xlsImpprod12481037
324,4.4,Clinique,7,39.5,Clinique iD Dramatically Different For Imperfections,/clinique-id-dramatically-different-imperfections?productId=pimprod2017437
325,4.9,Kate Somerville,10,70.0,DeliKate Recovery Cream,/delikate-recovery-cream?productId=pimprod2015832
326,4.9,Origins,9,65.0,Plantscription Powerful Lifting Cream,/plantscription-powerful-lifting-cream?productId=xlsImpprod15071333
327,4.4,Peter Thomas Roth,12,38.0,Acne-Clear Oil-Free Matte Moisturizer,/acne-clear-oil-free-matte-moisturizer?productId=pimprod2008121
329,3.9,Aveeno,497,18.99,Ultra-Calming Daily Moisturizer SPF 15,/ultra-calming-daily-moisturizer-spf-15?productId=prod410002
330,4.6,Seed Phytonutrients,55,13.6,Ultra Rich Facial Cream,/ultra-rich-facial-cream?productId=pimprod2004138
331,4.3,Benefit Cosmetics,19,38.0,Weightless Moisture Face Moisturizer,/weightless-moisture-face-moisturizer?productId=pimprod2015667
332,4.6,GLAMGLOW,197,56.0,SUPERWATERGEL Triple Acid Oil-Free Moisturizer,/superwatergel-triple-acid-oil-free-moisturizer?productId=pimprod2021729
333,3.5,Clinique,74,45.0,Superdefense SPF 25 Fatigue + 1st Signs of Age Multi-Correcting Cream - For Combination Oily to Oily Skin,/superdefense-spf-25-fatigue-1st-signs-of-age-multi-correcting-cream-combination-oily-oily-skin?productId=pimprod2014016
334,4.3,Clarins,557,49.0,Hydra-Essentiel Silky Cream,/hydra-essentiel-silky-cream?productId=xlsImpprod15571117
335,4.3,Neutrogena,2708,12.99,Travel Size Hydro Boost Water Gel,/travel-size-hydro-boost-water-gel?productId=pimprod2009508
336,4.5,StriVectin,184,59.0,Re-Quench Water Cream Hyaluronic + Electrolyte Moisturizer,/re-quench-water-cream-hyaluronic-electrolyte-moisturizer?productId=pimprod2014592
337,5.0,Seed Phytonutrients,2,13.6,Lightweight Facial Lotion,/lightweight-facial-lotion?productId=pimprod2004137
338,4.3,Kiehl's Since 1851,107,32.0,Ultra Facial Moisturizer,/ultra-facial-moisturizer?productId=pimprod2002894
339,4.6,Pacifica,424,16.0,Coconut Probiotic Water Rehab Cream,/coconut-probiotic-water-rehab-cream?productId=xlsImpprod14471161
340,4.0,Peter Thomas Roth,70,58.0,Hungarian Thermal Water Mineral-Rich Moisturizer,/hungarian-thermal-water-mineral-rich-moisturizer?productId=xlsImpprod17491027
341,4.4,Mario Badescu,198,18.0,Buttermilk Moisturizer,/buttermilk-moisturizer?productId=xlsImpprod6200703
342,4.7,Clarins,157,129.0,Super Restorative Day Cream,/super-restorative-day-cream?productId=xlsImpprod11591301
343,4.7,Pacifica,121,15.0,Cosmic Hemp CBD Everything Balm,/cosmic-hemp-cbd-everything-balm?productId=pimprod2014541
344,3.6,Tarte,27,10.0,"Sugar Rush - Don't Hate, Hydrate Oil Free Moisturizer Mini",/sugar-rush-dont-hate-hydrate-oil-free-moisturizer-mini?productId=pimprod2004323
345,3.2,Cetaphil,28,22.99,Deep Hydration Healthy Glow Daily Cream,/deep-hydration-healthy-glow-daily-cream?productId=pimprod2017708
346,5.0,No7,1,20.99,Radiance+ Vitamin C Daily Brightening Moisturizer,/radiance-vitamin-c-daily-brightening-moisturizer?productId=pimprod2020107
347,4.1,Clinique,11,39.5,Clinique iD Dramatically Different For Fatigue,/clinique-id-dramatically-different-fatigue?productId=pimprod2014088
348,4.6,ELEMIS,522,48.0,Superfood Cica Calm Hydration Juice,/superfood-cica-calm-hydration-juice?productId=pimprod2013947
349,4.3,Clinique,6,16.0,Dramatically Different Hydrating Clearing Jelly,/dramatically-different-hydrating-clearing-jelly?productId=pimprod2016774
350,4.4,MAC,172,16.0,Mini MAC Strobe Cream,/mini-mac-strobe-cream?productId=xlsImpprod15921234
351,4.8,Pacifica,33,15.0,Glow Baby VitaGlow Face Lotion,/glow-baby-vitaglow-face-lotion?productId=pimprod2020689
352,4.3,Clarins,85,129.0,Rose Radiance Cream,/rose-radiance-cream?productId=pimprod2007591
353,4.5,Weleda,82,18.99,Skin Food Light Nourishing Cream,/skin-food-light-nourishing-cream?productId=pimprod2005623
354,4.1,L'Oréal,136,17.99,Revitalift Anti-Wrinkle + Firming Face & Neck Cream,/revitalift-anti-wrinkle-firming-face-neck-cream?productId=prod2131024
355,4.3,Peter Thomas Roth,41,22.0,Travel Size Water Drench Hyaluronic Cloud Cream,/travel-size-water-drench-hyaluronic-cloud-cream?productId=xlsImpprod17101049
356,4.3,Clarins,112,55.0,Multi-Active Day Cream - All Skin Types,/multi-active-day-cream-all-skin-types?productId=xlsImpprod13611449
357,4.5,Philosophy,342,49.0,Nature In A Jar Cica Complex Recovery Moisturizer,/nature-in-a-jar-cica-complex-recovery-moisturizer?productId=pimprod2012760
358,4.3,Clinique,63,39.5,Clinique iD Dramatically Different For Irritation,/clinique-id-dramatically-different-irritation?productId=pimprod2014089
359,4.4,Garnier,586,21.99,Green Labs Hyalu-Melon Replumping Serum Cream SPF 30,/green-labs-hyalu-melon-replumping-serum-cream-spf-30?productId=pimprod2017422
360,4.4,belif,591,42.0,Hungarian Water Essence,/hungarian-water-essence?productId=pimprod2013180
361,4.4,bareMinerals,1157,35.0,Pureness Soothing Light Moisturizer,/pureness-soothing-light-moisturizer?productId=pimprod2012077
362,4.1,Neutrogena,575,26.99,Bright Boost Gel Cream,/bright-boost-gel-cream?productId=pimprod2009490
363,5.0,Dermalogica,5,23.0,Cooling Aqua Jelly Moisturizer,/cooling-aqua-jelly-moisturizer?productId=pimprod2020863
364,4.1,ACURE,40,18.99,Ultra Hydrating 12 Hour Facial Moisturizer,/ultra-hydrating-12-hour-facial-moisturizer?productId=pimprod2011678
365,4.5,Vichy,99,31.0,Aqualia Thermal Rich Cream,/aqualia-thermal-rich-cream?productId=xlsImpprod10931008
366,4.7,Jack Black,126,30.0,Clean Break Oil-Free Moisturizer,/clean-break-oil-free-moisturizer?productId=xlsImpprod14211033
367,4.2,Derma E,372,21.99,Firming DMAE Moisturizer,/firming-dmae-moisturizer?productId=xlsImpprod5110031
368,4.3,Awake Beauty,3,18.0,"Travel-Size Hello, Sunshine Moisturizer",/travel-size-hello-sunshine-moisturizer?productId=pimprod2015729
369,4.3,cocokind,32,19.99,Texture Smoothing Cream,/texture-smoothing-cream?productId=pimprod2015219
370,4.0,Truly,33,35.0,Flower Child Anti-Aging CBD Face Cream,/flower-child-anti-aging-cbd-face-cream?productId=pimprod2010493
371,4.6,Philosophy,1617,14.0,Travel Size Renewed Hope In A Jar,/travel-size-renewed-hope-in-a-jar?productId=xlsImpprod12191219
372,4.6,Vichy,125,42.0,LiftActiv Supreme Firming Anti-Aging Face Moisturizer,/liftactiv-supreme-firming-anti-aging-face-moisturizer?productId=pimprod2019865
373,3.7,Juice Beauty,142,42.0,Nutrient Moisturizer,/nutrient-moisturizer?productId=xlsImpprod3670103
374,3.5,KORRES,2,58.0,White Pine Meno-Reverse Volumizing Serum-in-Moisturizer,/white-pine-meno-reverse-volumizing-serum-in-moisturizer?productId=pimprod2020743
375,4.5,Aveeno,638,18.99,Positively Radiant Sheer Daily Moisturizer SPF 30,/positively-radiant-sheer-daily-moisturizer-spf-30?productId=xlsImpprod17762083
376,4.4,L'Oréal,6825,24.99,Age Perfect Cell Renewal Rosy Tone Moisturizer,/age-perfect-cell-renewal-rosy-tone-moisturizer?productId=xlsImpprod15541195
377,3.6,Neutrogena,881,13.99,Oil-Free Moisture SPF 15,/oil-free-moisture-spf-15?productId=4049
378,4.8,DHC,104,50.0,Super Collagen Cream,/super-collagen-cream?productId=pimprod2007565
379,4.6,Ahava,87,46.0,Essential Day Moisturizer Normal to Dry,/essential-day-moisturizer-normal-dry?productId=xlsImpprod3230205
380,4.2,Botanics,219,13.99,All Bright Hydrating Day Cream Sunscreen Broad Spectrum SPF 15,/all-bright-hydrating-day-cream-sunscreen-broad-spectrum-spf-15?productId=xlsImpprod15381015
381,4.5,Garnier,580,21.99,Green Labs Canna-B Pore Perfecting Serum Cream Fragrance Free SPF 30,/green-labs-canna-b-pore-perfecting-serum-cream-fragrance-free-spf-30?productId=pimprod2017467
382,3.9,Neutrogena,421,9.99,Pink Grapefruit Oil-Free Acne Moisturizer,/pink-grapefruit-oil-free-acne-moisturizer?productId=xlsImpprod12041845
383,3.9,Juice Beauty,144,30.0,Oil-Free Moisturizer,/oil-free-moisturizer?productId=xlsImpprod3670113
384,4.6,Mario Badescu,45,35.0,Glycolic Skin Renewal Complex,/glycolic-skin-renewal-complex?productId=xlsImpprod6200659
385,3.6,Neutrogena,881,13.99,Combination Skin Oil-Free Moisture,/combination-skin-oil-free-moisture?productId=prod5022329
386,4.3,Neutrogena,2998,12.99,Travel Size Rapid Wrinkle Repair Regenerating Cream,/travel-size-rapid-wrinkle-repair-regenerating-cream?productId=pimprod2009569
387,4.3,boscia,27,38.0,Green Tea Oil-free Moisturizer,/green-tea-oil-free-moisturizer?productId=xlsImpprod18751563
388,4.7,Carbon Theory.,408,19.99,Vitamin E & Tea Tree Oil Breakout Control Facial Moisturiser,/vitamin-e-tea-tree-oil-breakout-control-facial-moisturiser?productId=pimprod2012000
390,4.8,Follain,137,32.0,Moisturizer: Replenish + Protect,/moisturizer-replenish-protect?productId=pimprod2013708
391,4.3,Exuviance,72,46.0,A.G.E. Less Everyday Moisturizer,/age-less-everyday-moisturizer?productId=xlsImpprod5780088
392,4.5,Bliss,769,22.0,Drench & Quench Moisturizer,/drench-quench-moisturizer?productId=xlsImpprod17921136
393,3.7,Cetaphil,252,16.99,Daily Facial Moisturizer,/daily-facial-moisturizer?productId=prod2045044
394,4.5,Skyn Iceland,212,48.0,The ANTIDOTE Cooling Daily Lotion,/antidote-cooling-daily-lotion?productId=xlsImpprod5830032
395,4.1,Origins,48,36.0,Clear Improvement Pore Clearing Moisturizer with Salicylic Acid,/clear-improvement-pore-clearing-moisturizer-with-salicylic-acid?productId=pimprod2006719
396,4.5,Clinique,105,31.0,Clinique For Men Broad Spectrum SPF 21 Moisturizer,/clinique-men-broad-spectrum-spf-21-moisturizer?productId=prod2140588
397,4.3,CeraVe,6,17.99,Itch Relief Moisturizing Lotion,/itch-relief-moisturizing-lotion?productId=pimprod2013148
398,4.5,First Aid Beauty,31,32.0,Ultra Repair Oil-Control Moisturizer,/ultra-repair-oil-control-moisturizer?productId=pimprod2017306
399,5.0,Meaningful Beauty,1,65.0,Anti-Aging Day Crème with Environmental Protection SPF30,/anti-aging-day-creme-with-environmental-protection-spf30?productId=pimprod2009340
400,4.5,Kate Somerville,437,70.0,Goat Milk Moisturizing Cream,/goat-milk-moisturizing-cream?productId=xlsImpprod18731225
401,4.4,Philosophy,143,39.0,Clear Days Ahead Oil-Free Salicylic Acid Acne Treatment & Moisturizer,/clear-days-ahead-oil-free-salicylic-acid-acne-treatment-moisturizer?productId=xlsImpprod4370705
402,4.7,La Roche-Posay,146,14.99,Lipikar Eczema Soothing Relief Cream,/lipikar-eczema-soothing-relief-cream?productId=pimprod2019354
403,4.7,Clarins,157,129.0,Super Restorative Day Cream SPF 20,/super-restorative-day-cream-spf-20?productId=xlsImpprod11591303
404,4.5,Clinique,20,52.0,Repairwear Laser Focus Line Smoothing Cream Broad Spectrum SPF 15 - Very Dry to Dry Combination,/repairwear-laser-focus-line-smoothing-cream-broad-spectrum-spf-15-very-dry-dry-combination?productId=xlsImpprod12991077
405,4.8,Lancôme,223,52.0,Bienfait Multi-Vital Sunscreen Lotion Broad Spectrum SPF 30,/bienfait-multi-vital-sunscreen-lotion-broad-spectrum-spf-30?productId=xlsImpprod3650028
406,4.8,florence by mills,16,24.0,Have We Met? Starter Set,/have-we-met-starter-set?productId=pimprod2015865
407,4.0,Elizabeth Arden,184,24.0,Eight Hour Cream Skin Protectant,/eight-hour-cream-skin-protectant?productId=prod2047623
408,4.4,Mario Badescu,197,18.0,Hydro Moisturizer With Vitamin C,/hydro-moisturizer-with-vitamin-c?productId=xlsImpprod6200715
409,4.1,Dermalogica,79,23.0,Clear Start Soothing Hydrating Lotion,/clear-start-soothing-hydrating-lotion?productId=xlsImpprod12881033
410,4.7,Cetaphil,323,17.99,Moisturizing Cream,/moisturizing-cream?productId=6120
411,4.7,Lancôme,26,45.0,Hydra Zen Anti-Stress Glow Moisturizer,/hydra-zen-anti-stress-glow-moisturizer?productId=pimprod2016440
412,4.5,Olay,403,38.99,Regenerist Whip Face Moisturizer SPF 40,/regenerist-whip-face-moisturizer-spf-40?productId=pimprod2007290
413,4.3,COSRX,59,24.0,Hyaluronic Acid Intensive Cream,/hyaluronic-acid-intensive-cream?productId=pimprod2004959
414,4.3,Urban Skin Rx,173,22.99,Radiant & Bright Glowing Moisturizer,/radiant-bright-glowing-moisturizer?productId=pimprod2016351
415,4.9,Grown Alchemist,45,49.0,Hydra-Repair Day Cream,/hydra-repair-day-cream?productId=pimprod2007661
416,3.8,PÜR,10,34.0,Submerge Overnight Detox Anti-Pollution Moisturizer,/submerge-overnight-detox-anti-pollution-moisturizer?productId=pimprod2018007
417,3.8,Kiehl's Since 1851,48,32.0,Ultra Facial Cream SPF 30,/ultra-facial-cream-spf-30?productId=pimprod2002941
418,4.2,COSRX,55,24.0,Oil Free Moisturizing Lotion,/oil-free-moisturizing-lotion?productId=xlsImpprod16661015
419,4.8,Clinique,12,39.5,Clinique For Men Maximum Hydrator Activated Water-Gel Concentrate,/clinique-men-maximum-hydrator-activated-water-gel-concentrate?productId=xlsImpprod15841061
420,4.8,Kate Somerville,211,95.0,Age Arrest Anti-Wrinkle Cream,/age-arrest-anti-wrinkle-cream?productId=xlsImpprod18731205
421,4.2,First Aid Beauty,47,30.0,Ultra Repair Barriair Cream,/ultra-repair-barriair-cream?productId=pimprod2012919
422,4.6,Dermalogica,825,22.0,Travel Size Dynamic Skin Recovery Broad Spectrum SPF 50,/travel-size-dynamic-skin-recovery-broad-spectrum-spf-50?productId=xlsImpprod18531285
423,4.5,No7,322,17.99,HydraLuminous Water Surge Gel Cream,/hydraluminous-water-surge-gel-cream?productId=pimprod2006632
424,4.7,Murad,38,74.0,City Skin Overnight Detox Moisturizer,/city-skin-overnight-detox-moisturizer?productId=xlsImpprod15301027
425,4.3,Clarins,731,88.0,Extra-Firming Wrinkle Control Firming Day Cream All Skin Types,/extra-firming-wrinkle-control-firming-day-cream-all-skin-types?productId=xlsImpprod17491007
426,4.3,Origins,116,64.0,Plantscription SPF 25 Power Anti-Aging Cream,/plantscription-spf-25-power-anti-aging-cream?productId=xlsImpprod15071331
427,3.7,Origins,59,31.0,GinZing Ultra-Hydrating Energy-Boosting Cream,/ginzing-ultra-hydrating-energy-boosting-cream?productId=pimprod2008580
428,4.4,Murad,68,58.0,Perfecting Day Cream Broad Spectrum SPF 30 / PA +++,/perfecting-day-cream-broad-spectrum-spf-30-pa?productId=prod2102827
429,4.3,Estée Lauder,46,55.0,DayWear Anti-Oxidant 72H-Hydration Sorbet Creme Broad Spectrum SPF 15,/daywear-anti-oxidant-72h-hydration-sorbet-creme-broad-spectrum-spf-15?productId=pimprod2003423
430,4.6,Philosophy,18,47.0,The Wrinkle Takeaway,/wrinkle-takeaway?productId=pimprod2021240
431,4.3,Clinique,19,56.0,Smart Broad Spectrum SPF 15 Custom-Repair Moisturizer - Very Dry,/smart-broad-spectrum-spf-15-custom-repair-moisturizer-very-dry?productId=xlsImpprod13511135
432,3.5,Clinique,74,45.0,Superdefense Broad Spectrum SPF 25 Multi-Correcting Cream - Very Dry to Dry Combination,/superdefense-broad-spectrum-spf-25-multi-correcting-cream-very-dry-dry-combination?productId=pimprod2014004
433,4.3,La Roche-Posay,241,39.99,Anthelios 50 Daily Face Primer with Sunscreen SPF 50,/anthelios-50-daily-face-primer-with-sunscreen-spf-50?productId=xlsImpprod4350459
434,4.1,No7,46,20.99,Early Defence Day Cream SPF 30,/early-defence-day-cream-spf-30?productId=xlsImpprod14431167
435,4.3,L'Oréal,184,11.49,Collagen Moisture Filler Facial Day Night Cream,/collagen-moisture-filler-facial-day-night-cream?productId=pimprod2000650
436,4.0,First Aid Beauty,58,40.0,5 in 1 Face Cream SPF 30,/5-in-1-face-cream-spf-30?productId=xlsImpprod13491033
437,4.6,Andalou Naturals,39,26.99,DMAE Lift & Firm Cream,/dmae-lift-firm-cream?productId=xlsImpprod13762401
438,4.5,COSRX,20,32.0,Full Fit Propolis Light Cream,/full-fit-propolis-light-cream?productId=pimprod2017573
439,4.5,Murad,44,74.0,Resurgence Age-Balancing Moisture Broad Spectrum SPF 30 / PA+++,/resurgence-age-balancing-moisture-broad-spectrum-spf-30-pa?productId=xlsImpprod11161037
440,4.5,Dermalogica,24,190.0,Power Rich,/power-rich?productId=prod2152652
441,4.4,Touch In Sol,126,32.0,Pretty Filter Glassy Skin Balm,/pretty-filter-glassy-skin-balm?productId=pimprod2009053
442,4.5,Shiseido,104,48.0,Essential Energy Moisturizing Cream,/essential-energy-moisturizing-cream?productId=xlsImpprod17491047
443,4.1,Neutrogena,637,13.99,Sensitive Skin Oil-Free Moisture,/sensitive-skin-oil-free-moisture?productId=4046
444,4.0,Exuviance,269,79.0,Age Reverse Hydrafirm Hyaluronic Acid Antiaging Moisturizer,/age-reverse-hydrafirm-hyaluronic-acid-antiaging-moisturizer?productId=xlsImpprod5120029
445,4.7,Kate Somerville,578,70.0,Oil Free Moisturizer,/oil-free-moisturizer?productId=xlsImpprod18731163
446,4.0,Dermalogica,114,68.0,PowerBright TRx Pure Light SPF 50,/powerbright-trx-pure-light-spf-50?productId=xlsImpprod11271057
447,4.3,Hempz,47,28.0,CBD Thirsty Hydrating Facial Moisturizer SPF 30,/cbd-thirsty-hydrating-facial-moisturizer-spf-30?productId=pimprod2011912
448,3.8,bareMinerals,32,35.0,Poreless Oil-Free Moisturizer,/poreless-oil-free-moisturizer?productId=pimprod2009780
449,4.4,Lancôme,248,99.0,Rénergie Multi-Glow Rosy Tone Moisturizer Cream,/renergie-multi-glow-rosy-tone-moisturizer-cream?productId=xlsImpprod18121043
450,4.6,Neutrogena,455,26.99,Hydro Boost City Shield Water Gel Sunscreen SPF 25,/hydro-boost-city-shield-water-gel-sunscreen-spf-25?productId=pimprod2002071
451,4.2,Philosophy,465,24.0,Travel Size Anti-Wrinkle+ Miracle Worker Line Correcting Moisturizer,/travel-size-anti-wrinkle-miracle-worker-line-correcting-moisturizer?productId=pimprod2002776
452,3.7,Clinique,29,29.5,Superdefense City Block SPF 50+ Daily Energy + Face Protector,/superdefense-city-block-spf-50-daily-energy-face-protector?productId=pimprod2014019
453,4.6,Derma E,215,14.95,Anti-Wrinkle Renewal Cream,/anti-wrinkle-renewal-cream?productId=pimprod2010723
454,4.0,e.l.f. Cosmetics,638,8.0,Daily Hydration Moisturizer,/daily-hydration-moisturizer?productId=xlsImpprod14481069
455,4.8,Juice Beauty,88,115.0,STEM CELLULAR Day & Night Duo,/stem-cellular-day-night-duo?productId=pimprod2021203
456,3.5,Kate Somerville,13,98.0,+Retinol Vitamin C Moisturizer,/retinol-vitamin-c-moisturizer?productId=pimprod2005754
457,4.7,No7,182,17.99,HydraLuminous Water Surge Gel,/hydraluminous-water-surge-gel?productId=pimprod2006629
458,4.5,Holika Holika,33,9.0,Aloe 99% Soothing Gel,/aloe-99-soothing-gel?productId=pimprod2010116
459,4.6,Peach Slices,25,16.99,Snail Rescue All-In-One Oil Free Moisturizer,/snail-rescue-all-in-one-oil-free-moisturizer?productId=pimprod2018393
460,4.5,Neutrogena,1827,26.99,Bright Boost Overnight Recovery Gel Cream,/bright-boost-overnight-recovery-gel-cream?productId=pimprod2017014
461,4.7,Proactiv,53,50.0,Complexion Perfecting Hydrator,/complexion-perfecting-hydrator?productId=xlsImpprod14651015
462,4.2,Josie Maran,6,34.0,Argan Daily Moisturizer Mineral SPF 47,/argan-daily-moisturizer-mineral-spf-47?productId=pimprod2018757
463,4.1,RoC,383,24.99,Retinol Correxion Deep Wrinkle Daily Moisturizer SPF 30,/retinol-correxion-deep-wrinkle-daily-moisturizer-spf-30?productId=xlsImpprod1190256
464,4.2,Clinique,52,39.5,Pore Refining Solutions Stay Matte Hydrator,/pore-refining-solutions-stay-matte-hydrator?productId=xlsImpprod10791849
465,4.7,Skinfood,14,39.0,Royal Honey Propolis Enrich Essence,/royal-honey-propolis-enrich-essence?productId=xlsImpprod18651005
466,4.4,Kiehl's Since 1851,115,50.0,Calendula Serum-Infused Water Cream,/calendula-serum-infused-water-cream?productId=pimprod2006354
467,4.7,Kinship,59,24.0,Supermello Hydrating Gel-Cream Moisturizer,/supermello-hydrating-gel-cream-moisturizer?productId=pimprod2017767
468,4.8,Josh Rosebrook,5,45.0,Vital Balm Cream,/vital-balm-cream?productId=pimprod2019218
469,4.4,Skyn Iceland,153,58.0,Pure Cloud Cream,/pure-cloud-cream?productId=xlsImpprod5830038
470,4.8,UpCircle,879,24.0,Face Moisturiser With Argan Powder,/face-moisturiser-with-argan-powder?productId=pimprod2012100
471,4.0,Kinship,4,55.0,Nice 2 Treat U 3-Piece Glow-To Skincare Set,/nice-2-treat-u-3-piece-glow-skincare-set?productId=pimprod2019729
472,4.1,Mario Badescu,129,24.0,Collagen Moisturizer SPF 15,/collagen-moisturizer-spf-15?productId=xlsImpprod6200793
473,4.5,Honest Beauty,34,30.0,The Daily Calm Lightweight Moisturizer,/daily-calm-lightweight-moisturizer?productId=pimprod2019073
474,4.9,StriVectin,45,119.0,Wrinkle Recode Moisture Rich Barrier Cream,/wrinkle-recode-moisture-rich-barrier-cream?productId=pimprod2021156
475,4.8,CeraVe,9,5.49,Travel Size Moisturizing Lotion,/travel-size-moisturizing-lotion?productId=pimprod2017446
476,4.4,Philosophy,948,28.0,Purity Made Simple Oil Free Mattifying Moisturizer,/purity-made-simple-oil-free-mattifying-moisturizer?productId=pimprod2017775
477,4.8,Kopari Beauty,381,38.0,Coconut Rich Face Cream,/coconut-rich-face-cream?productId=xlsImpprod17771085
478,4.4,Garnier,562,21.99,Green Labs Pinea-C Brightening Serum Cream SPF 30,/green-labs-pinea-c-brightening-serum-cream-spf-30?productId=pimprod2017639
479,4.2,Clinique,179,69.0,Clinique Smart Clinical MD Multi-Dimensional Age Transformer Resculpt,/clinique-smart-clinical-md-multi-dimensional-age-transformer-resculpt?productId=pimprod2008731
480,4.4,First Aid Beauty,5,36.0,Ultra Repair Cream Cranberry Pomegranate,/ultra-repair-cream-cranberry-pomegranate?productId=pimprod2015928
481,4.3,boscia,1115,38.0,Cactus Water Moisturizer,/cactus-water-moisturizer?productId=pimprod2002505
482,4.3,Clinique,21,56.0,Smart Broad Spectrum SPF 15 Custom-Repair Moisturizer For Combination Oily Skin,/smart-broad-spectrum-spf-15-custom-repair-moisturizer-combination-oily-skin?productId=xlsImpprod13511139
483,4.5,Andalou Naturals,47,26.99,Probiotic + C Renewal Cream,/probiotic-c-renewal-cream?productId=xlsImpprod13762403
484,4.3,Neutrogena,2998,35.99,Rapid Tone Repair Correcting Cream,/rapid-tone-repair-correcting-cream?productId=pimprod2017033
485,4.7,StriVectin,127,69.0,Multi-Action Restorative Cream,/multi-action-restorative-cream?productId=xlsImpprod13521003
486,4.3,Aveeno,403,18.99,Positively Radiant Daily Moisturizer SPF 15,/positively-radiant-daily-moisturizer-spf-15?productId=xlsImpprod510138
487,4.8,Estée Lauder,301,35.0,Perfectly Clean Fresh Balancing Lotion,/perfectly-clean-fresh-balancing-lotion?productId=xlsImpprod14641551
488,4.3,COSRX,156,24.0,Advanced Snail 92 All In One Cream,/advanced-snail-92-all-in-one-cream?productId=xlsImpprod16661019
489,4.5,Josie Maran,8,42.0,Whipped Argan Oil Face Butter,/whipped-argan-oil-face-butter?productId=pimprod2018747
490,4.5,Bliss,4647,24.0,Bright Idea Vitamin C + Tri-Peptide Collagen Protecting & Brightening Moisturizer,/bright-idea-vitamin-c-tri-peptide-collagen-protecting-brightening-moisturizer?productId=pimprod2014648
491,4.4,It Cosmetics,542,17.0,Confidence In A Cream Anti-Aging Moisturizer,/confidence-in-a-cream-anti-aging-moisturizer?productId=pimprod2020912
492,4.6,Weleda,100,18.99,Skin Food Original Ultra-Rich Cream,/skin-food-original-ultra-rich-cream?productId=pimprod2005673
493,4.2,Estée Lauder,324,55.0,DayWear Multi-Protection Anti-Oxidant Sheer Tint Release Moisturizer SPF 15,/daywear-multi-protection-anti-oxidant-sheer-tint-release-moisturizer-spf-15?productId=xlsImpprod14641495
494,4.3,CANNUKA,21,58.0,Harmonizing Face Cream,/harmonizing-face-cream?productId=pimprod2008843
495,4.3,Philosophy,405,39.0,Renewed Hope In A Jar SPF 30,/renewed-hope-in-a-jar-spf-30?productId=xlsImpprod12791019
496,4.5,Tula,195,48.0,Breakout Star Oil-Free Acne Moisturizer,/breakout-star-oil-free-acne-moisturizer?productId=pimprod2014625
497,4.2,Vichy,64,28.5,LiftActiv Vitamin C Brightening Skin Corrector,/liftactiv-vitamin-c-brightening-skin-corrector?productId=xlsImpprod17551001
498,4.1,e.l.f. Cosmetics,301,12.0,SuperHydrate Moisturizer,/superhydrate-moisturizer?productId=pimprod2006500
499,4.5,L'Oréal,1595,24.99,Revitalift Triple Power Anti-Aging Moisturizer - Fragrance Free,/revitalift-triple-power-anti-aging-moisturizer-fragrance-free?productId=pimprod2009091
500,4.5,Exuviance,180,75.0,Age Reverse Day Repair SPF 30 + Retinol Antiaging Moisturizer,/age-reverse-day-repair-spf-30-retinol-antiaging-moisturizer?productId=xlsImpprod2420449
501,4.7,Curél,152,30.0,Intensive Moisture Facial Cream,/intensive-moisture-facial-cream?productId=pimprod2009883
502,4.2,SUNDAY RILEY,39,65.0,Ice Ceramide Moisturizing Cream,/ice-ceramide-moisturizing-cream?productId=pimprod2014068
503,4.4,Clinique,209,39.5,Moisture Surge Hydrating Supercharged Concentrate,/moisture-surge-hydrating-supercharged-concentrate?productId=xlsImpprod16101069
504,4.2,Lancôme,107,39.0,"UV Expert Aquagel Defense Sunscreen, Primer & Moisturizer SPF 50",/uv-expert-aquagel-defense-sunscreen-primer-moisturizer-spf-50?productId=pimprod2004242
505,4.3,MAC,207,35.0,Strobe Cream,/strobe-cream?productId=xlsImpprod15921232
506,4.4,Olay,2281,38.99,Regenerist Whip Face Moisturizer SPF 25,/regenerist-whip-face-moisturizer-spf-25?productId=xlsImpprod17162853
507,4.3,Clarins,731,88.0,Extra-Firming Wrinkle Control Firming Day Cream Broad Spectrum SPF 15 All Skin Types,/extra-firming-wrinkle-control-firming-day-cream-broad-spectrum-spf-15-all-skin-types?productId=xlsImpprod17491009
508,3.3,CeraVe,113,24.99,Skin Renewing Day Cream SPF 30,/skin-renewing-day-cream-spf-30?productId=xlsImpprod15321257
509,4.3,Clinique,5950,25.0,Clinique iD Dramatically Different Base,/clinique-id-dramatically-different-base?productId=pimprod2002606
510,4.6,Estée Lauder,252,55.0,DayWear Matte Oil-Control Anti-Oxidant Moisture Gel Crème,/daywear-matte-oil-control-anti-oxidant-moisture-gel-creme?productId=xlsImpprod15401049
511,4.4,Honest Beauty,88,20.0,Hydrogel Cream,/hydrogel-cream?productId=pimprod2015205
512,4.3,Estée Lauder,130,106.0,Revitalizing Supreme+ Global Anti-Aging Cell Power Creme SPF 15,/revitalizing-supreme-global-anti-aging-cell-power-creme-spf-15?productId=xlsImpprod18971009
513,4.4,L'Oréal,5242,24.99,Revitalift Triple Power Anti-Aging Face Moisturizer,/revitalift-triple-power-anti-aging-face-moisturizer?productId=xlsImpprod4560055
514,4.4,StriVectin,1142,95.0,Tightening & Sculpting Face Cream,/tightening-sculpting-face-cream?productId=xlsImpprod14631103
515,4.7,RoC,103,29.99,Multi Correxion Revive + Glow Gel Cream,/multi-correxion-revive-glow-gel-cream?productId=pimprod2016364
516,3.3,Peter Thomas Roth,95,68.0,Potent-C Vitamin C Bright & Plump Moisturizer,/potent-c-vitamin-c-bright-plump-moisturizer?productId=pimprod2002198
517,4.8,Shiseido,300,70.0,Benefiance Wrinkle Smoothing Cream Enriched,/benefiance-wrinkle-smoothing-cream-enriched?productId=pimprod2008180
518,4.3,Peter Thomas Roth,122,65.0,Water Drench Hyaluronic Cloud Serum,/water-drench-hyaluronic-cloud-serum?productId=xlsImpprod770038
519,4.6,PEACH & LILY,159,39.0,Lazy Day's All-In-One Moisture Pad,/lazy-days-all-in-one-moisture-pad?productId=xlsImpprod18971029
520,4.5,GLAMGLOW,80,50.0,GLOWSTARTER Mega Illuminating Hyaluronic Acid Moisturizer,/glowstarter-mega-illuminating-hyaluronic-acid-moisturizer?productId=pimprod2017763
521,4.8,Shiseido,308,104.0,Bio-Performance Advanced Super Revitalizing Cream,/bio-performance-advanced-super-revitalizing-cream?productId=xlsImpprod14351067
522,4.0,PÜR,195,18.0,Miracle Mist Hydrating Spray,/miracle-mist-hydrating-spray?productId=xlsImpprod15401071
523,4.5,Pacifica,85,19.0,Vegan Collagen Every Day Lotion SPF 30,/vegan-collagen-every-day-lotion-spf-30?productId=pimprod2017151
524,4.4,First Aid Beauty,68,30.0,Hello FAB Coconut Skin Smoothie Priming Moisturizer,/hello-fab-coconut-skin-smoothie-priming-moisturizer?productId=pimprod2012901
525,4.5,L'Oréal,584,14.99,True Match Lumi Glotion Natural Glow Enhancer,/true-match-lumi-glotion-natural-glow-enhancer?productId=xlsImpprod17161513
526,4.7,Tula,594,48.0,Dew Your Thing Oil Free Gel Cream,/dew-your-thing-oil-free-gel-cream?productId=xlsImpprod18731031
527,4.3,Tula,205,46.0,Super Soothe Calming Moisturizing Lotion,/super-soothe-calming-moisturizing-lotion?productId=pimprod2008512
528,4.3,Jack Black,3,25.0,Double Take,/double-take?productId=pimprod2014150
529,4.6,Olay,308,13.99,Complete UV365 Daily Moisturizer SPF 30,/complete-uv365-daily-moisturizer-spf-30?productId=VP00009
530,4.6,Clinique,2379,12.0,Travel Size Moisture Surge 72 Hour Auto-Replenishing Hydrator,/travel-size-moisture-surge-72-hour-auto-replenishing-hydrator?productId=prod18961001
531,4.3,Clinique,5950,39.5,Clinique iD Dramatically Different For Pores & Uneven Texture,/clinique-id-dramatically-different-pores-uneven-texture?productId=pimprod2014091
532,4.8,Lancôme,76,48.0,Hydra Zen Anti-Stress Gel Cream,/hydra-zen-anti-stress-gel-cream?productId=pimprod2016557
533,4.6,CeraVe,83,5.49,Travel Size Moisturizing Cream,/travel-size-moisturizing-cream?productId=xlsImpprod19011101
534,5.0,Murad,5,50.0,Anti-Aging Moisturizer Broad Spectrum SPF 30 | PA+++,/anti-aging-moisturizer-broad-spectrum-spf-30-pa?productId=pimprod2017332
535,4.2,Origins,468,41.0,GinZing SPF 40 Energy-Boosting Tinted Moisturizer,/ginzing-spf-40-energy-boosting-tinted-moisturizer?productId=xlsImpprod16231003
536,4.5,CeraVe,16,23.99,Itch Relief Moisturizing Cream,/itch-relief-moisturizing-cream?productId=pimprod2013147
537,4.8,ELEMIS,234,128.0,Pro-Collagen Marine Cream SPF 30,/pro-collagen-marine-cream-spf-30?productId=pimprod2004522
538,4.5,ULTA,181,9.75,Waterfull Gel Cream Moisturizer,/waterfull-gel-cream-moisturizer?productId=pimprod2014890
539,4.7,Shiseido,365,70.0,Benefiance Wrinkle Smoothing Day Cream SPF 23,/benefiance-wrinkle-smoothing-day-cream-spf-23?productId=pimprod2008182
540,4.6,Clinique,16,31.0,Clinique For Men Moisturizing Lotion,/clinique-men-moisturizing-lotion?productId=xlsImpprod6470045
541,4.3,Urban Skin Rx,123,19.99,Complexion Protection Moisturizer SPF30,/complexion-protection-moisturizer-spf30?productId=pimprod2004080
542,4.9,Josh Rosebrook,9,35.0,Hydrating Accelerator,/hydrating-accelerator?productId=pimprod2019214
543,4.8,Kopari Beauty,101,25.0,Coconut Water Moisture Face Cream,/coconut-water-moisture-face-cream?productId=pimprod2017079
544,4.0,Clinique,185,29.5,Dramatically Different Hydrating Jelly,/dramatically-different-hydrating-jelly?productId=xlsImpprod18711071
545,4.9,Avène,199,35.0,Skin Recovery Cream,/skin-recovery-cream?productId=pimprod2020805
546,3.9,bareMinerals,7,35.0,SMOOTHNESS Bare Haven Soft Moisturizer,/smoothness-bare-haven-soft-moisturizer?productId=pimprod2015694
547,4.5,e.l.f. Cosmetics,874,12.0,Holy Hydration! Face Cream,/holy-hydration-face-cream?productId=pimprod2003504
548,4.1,Neutrogena,653,26.99,Rapid Wrinkle Repair Moisturizer SPF 30,/rapid-wrinkle-repair-moisturizer-spf-30?productId=xlsImpprod3190075
549,4.3,RoC,121,27.99,Multi Correxion 5 in 1 Daily Moisturizer SPF 30,/multi-correxion-5-in-1-daily-moisturizer-spf-30?productId=xlsImpprod5570035
550,4.2,Peter Thomas Roth,15,85.0,FIRMx Collagen Moisturizer,/firmx-collagen-moisturizer?productId=pimprod2014564
551,3.2,Keys Soulcare,29,30.0,Skin Transformation Cream,/skin-transformation-cream?productId=pimprod2020959
552,4.2,Cetaphil,172,13.99,Moisturizing Lotion,/moisturizing-lotion?productId=6111
553,4.7,Peter Thomas Roth,15,52.0,Water Drench Broad Spectrum SPF 45 Hyaluronic Cloud Moisturizer,/water-drench-broad-spectrum-spf-45-hyaluronic-cloud-moisturizer?productId=pimprod2016323
554,4.4,Kate Somerville,212,98.0,Wrinkle Warrior 2-in-1 Plumping Moisturizer + Serum,/wrinkle-warrior-2-in-1-plumping-moisturizer-serum?productId=xlsImpprod18731209
555,4.5,Juice Beauty,365,50.0,GREEN APPLE Age Defy Moisturizer,/green-apple-age-defy-moisturizer?productId=xlsImpprod3670099
556,5.0,Josie Maran,7,56.0,Pure Argan Milk Intensive Hydrating Treatment,/pure-argan-milk-intensive-hydrating-treatment?productId=pimprod2018748
557,4.7,Pacifica,771,16.0,Dreamy Youth Day And Night Face Cream,/dreamy-youth-day-night-face-cream?productId=xlsImpprod12081205
558,4.4,Origins,54,36.0,Original Skin Matte Moisturizer With Willowherb,/original-skin-matte-moisturizer-with-willowherb?productId=pimprod2007608
559,4.6,Murad,165,44.0,Clarifying Oil-Free Water Gel,/clarifying-oil-free-water-gel?productId=pimprod2017329
560,4.2,Origins,1775,47.0,A Perfect World SPF 40 Age-Defense Oil Free Moisturizer with White Tea,/a-perfect-world-spf-40-age-defense-oil-free-moisturizer-with-white-tea?productId=xlsImpprod15911105
561,4.5,Lancôme,224,130.0,Rénergie Lift Multi-Action Ultra Sunscreen Broad Spectrum SPF 30,/renergie-lift-multi-action-ultra-sunscreen-broad-spectrum-spf-30?productId=xlsImpprod17421209
562,4.8,Murad,171,80.0,Intense Recovery Cream,/intense-recovery-cream?productId=pimprod2020540
563,4.5,Dermalogica,387,65.0,Prisma Protect SPF 30,/prisma-protect-spf-30?productId=pimprod2004270
564,4.0,BAD HABIT,5,24.0,Daily Dose Multivitamin Moisturizer,/daily-dose-multivitamin-moisturizer?productId=pimprod2021767
565,4.5,Clinique,14,41.0,Clinique For Men Anti-Age Moisturizer,/clinique-men-anti-age-moisturizer?productId=xlsImpprod6470041
566,4.7,Kate Somerville,404,70.0,ExfoliKate Glow Moisturizer,/exfolikate-glow-moisturizer?productId=xlsImpprod18731203
567,4.6,florence by mills,388,15.0,Dreamy Dew Moisturizer,/dreamy-dew-moisturizer?productId=pimprod2009326
568,4.3,Clarins,255,55.0,Multi-Active Day Cream SPF 20,/multi-active-day-cream-spf-20?productId=xlsImpprod13611447
569,4.6,Derma E,231,21.5,Skin De-Stress Calming CBD Moisturizer,/skin-de-stress-calming-cbd-moisturizer?productId=pimprod2010704
570,4.0,The Body Shop,282,15.0,Tea Tree Skin Mattifying Lotion,/tea-tree-skin-mattifying-lotion?productId=xlsImpprod4181103
571,4.4,Proactiv,80,40.0,Green Tea Moisturizer,/green-tea-moisturizer?productId=xlsImpprod14651017
572,5.0,Lancôme,1,120.0,"Visibly Lift, Firm & Hydrate Rènergie Lift Multi-Action Ultra Cream Set",/visibly-lift-firm-hydrate-renergie-lift-multi-action-ultra-cream-set?productId=pimprod2015773
573,4.4,Aveeno,1516,18.99,Positively Radiant Daily Moisturizer SPF 30,/positively-radiant-daily-moisturizer-spf-30?productId=prod2126006
574,4.7,Clinique,31,31.0,Clinique For Men Oil Free Moisturizer,/clinique-men-oil-free-moisturizer?productId=xlsImpprod6470043
575,4.4,Clinique,49,51.0,Even Better Moisturizer SPF 20,/even-better-moisturizer-spf-20?productId=xlsImpprod10791803
576,4.6,Dermalogica,193,64.0,Skin Hydrating Booster,/skin-hydrating-booster?productId=prod2152578
577,4.2,Dermalogica,143,28.0,Clear Start Clearing Defense Moisturizer SPF 30,/clear-start-clearing-defense-moisturizer-spf-30?productId=pimprod2006536
578,4.4,Too Cool For School,88,36.0,Egg Mellow Cream,/egg-mellow-cream?productId=xlsImpprod17821107
579,3.6,Cetaphil,260,18.99,DermaControl Oil Control Moisturizer SPF 30,/dermacontrol-oil-control-moisturizer-spf-30?productId=xlsImpprod5140061
580,4.3,KYLIE SKIN,3122,24.0,Face Moisturizer,/face-moisturizer?productId=pimprod2009643
581,4.4,Derma E,278,19.99,Vitamin C Renewing Moisturizer,/vitamin-c-renewing-moisturizer?productId=xlsImpprod15623007
582,4.6,Olay,675,38.99,Regenerist Ultra Rich Fragrance-Free Hydrating Moisturizer,/regenerist-ultra-rich-fragrance-free-hydrating-moisturizer?productId=pimprod2017668
583,4.0,Clinique,133,14.5,Clinique iD Active Cartridge Concentrate,/clinique-id-active-cartridge-concentrate?productId=pimprod2002601
584,4.2,The Ordinary,640,7.7,Natural Moisturizing Factors + HA,/natural-moisturizing-factors-ha?productId=pimprod2007113
585,4.5,Dermalogica,546,66.0,Active Moist,/active-moist?productId=VP12690
586,4.5,It Cosmetics,4124,70.0,Confidence In A Cream Anti-Aging Moisturizer,/confidence-in-a-cream-anti-aging-moisturizer?productId=xlsImpprod13641053
587,4.6,Philosophy,1617,65.0,Renewed Hope In A Jar Refreshing & Refining Moisturizer,/renewed-hope-in-a-jar-refreshing-refining-moisturizer?productId=xlsImpprod11751089
588,4.3,Clinique,5950,41.0,Dramatically Different Moisturizing Lotion+,/dramatically-different-moisturizing-lotion?productId=xlsImpprod10791743
589,4.7,Tula,1831,52.0,24-7 Moisture Hydrating Day & Night Cream,/24-7-moisture-hydrating-day-night-cream?productId=xlsImpprod18731039
590,4.5,Beekman 1802,619,54.0,Bloom Cream Daily Probiotic Moisturizer,/bloom-cream-daily-probiotic-moisturizer?productId=pimprod2017582
591,4.3,It Cosmetics,649,69.0,Hello Results Wrinkle-Reducing Daily Retinol Serum-in-Cream,/hello-results-wrinkle-reducing-daily-retinol-serum-in-cream?productId=pimprod2020623
592,4.2,First Aid Beauty,289,28.0,Ultra Repair Face Moisturizer,/ultra-repair-face-moisturizer?productId=xlsImpprod13491041
593,4.4,Clinique,1007,78.0,Moisture Surge 72 Hour Auto-Replenishing Hydrator,/moisture-surge-72-hour-auto-replenishing-hydrator?productId=xlsImpprod17391255
594,3.3,CeraVe,641,18.99,AM Facial Moisturizing Lotion SPF 30,/am-facial-moisturizing-lotion-spf-30?productId=xlsImpprod4190253
595,4.4,Kiehl's Since 1851,247,55.0,Ultra Facial Cream,/ultra-facial-cream?productId=pimprod2002804
596,4.4,First Aid Beauty,781,36.0,Ultra Repair Cream,/ultra-repair-cream?productId=xlsImpprod13491031
597,4.6,Clinique,872,41.0,Dramatically Different Moisturizing Gel,/dramatically-different-moisturizing-gel?productId=xlsImpprod10791745
598,4.3,Neutrogena,2708,24.99,Hydro Boost Water Gel,/hydro-boost-water-gel?productId=xlsImpprod12041835
599,4.3,La Roche-Posay,715,19.99,Toleriane Double Repair Face Moisturizer UV SPF 30,/toleriane-double-repair-face-moisturizer-uv-spf-30?productId=xlsImpprod15681007
600,4.6,Dermalogica,825,75.0,Dynamic Skin Recovery Broad Spectrum SPF 50,/dynamic-skin-recovery-broad-spectrum-spf-50?productId=xlsImpprod6490064
601,4.3,CeraVe,37,17.99,SA Lotion For Rough & Bumpy Skin,/sa-lotion-rough-bumpy-skin?productId=pimprod2013144
602,4.6,No7,595,26.99,Restore & Renew Face & Neck Multi Action Day Cream SPF 30,/restore-renew-face-neck-multi-action-day-cream-spf-30?productId=xlsImpprod18771035
603,4.2,Philosophy,465,65.0,Anti-Wrinkle Miracle Worker+ Line Correcting Moisturizer,/anti-wrinkle-miracle-worker-line-correcting-moisturizer?productId=pimprod2002773
604,4.5,Dermalogica,715,72.0,Intensive Moisture Balance,/intensive-moisture-balance?productId=pimprod2003120
605,5.0,Clinique,5,105.0,Dewy For Days Moisture Surge Set,/dewy-days-moisture-surge-set?productId=pimprod2020290
606,4.5,Lancôme,8,145.0,Rénergie Lift Multi-Action Collection,/renergie-lift-multi-action-collection?productId=pimprod2019671
607,4.6,Neutrogena,2102,24.99,Hydro Boost Gel-Cream,/hydro-boost-gel-cream?productId=xlsImpprod12041837
608,4.4,PÜR,222,39.0,Get A Lift Firming Facial Cream,/get-a-lift-firming-facial-cream?productId=xlsImpprod5640356
609,4.5,Dermalogica,691,69.0,Skin Smoothing Cream,/skin-smoothing-cream?productId=pimprod2000019
610,4.7,Dermalogica,584,89.0,Age Smart Super Rich Repair,/age-smart-super-rich-repair?productId=prod2152651
611,4.4,PEACH & LILY,437,40.0,Matcha Pudding Antioxidant Cream,/matcha-pudding-antioxidant-cream?productId=xlsImpprod18971027
612,4.7,belif,866,38.0,The True Cream-Moisturizing Bomb,/true-cream-moisturizing-bomb?productId=pimprod2013178
613,4.6,CeraVe,175,18.99,Ultra-Light Moisturizing Lotion SPF 30,/ultra-light-moisturizing-lotion-spf-30?productId=xlsImpprod17162943
614,4.6,belif,238,38.0,The True Cream-Aqua Bomb,/true-cream-aqua-bomb?productId=pimprod2013170
615,4.4,Clinique,153,50.0,Redness Solutions Daily Relief Cream With Probiotic Technology,/redness-solutions-daily-relief-cream-with-probiotic-technology?productId=xlsImpprod10791833
616,4.5,Perricone MD,662,69.0,High Potency Classics: Face Finishing & Firming Moisturizer,/high-potency-classics-face-finishing-firming-moisturizer?productId=xlsImpprod19011039
617,4.3,No7,99,26.99,Lift & Luminate Triple Action Day Cream SPF 30,/lift-luminate-triple-action-day-cream-spf-30?productId=xlsImpprod17162829
618,3.4,Clinique,104,54.0,Moisture Surge Intense 72H Lipid-Replenishing Hydrator,/moisture-surge-intense-72h-lipid-replenishing-hydrator?productId=pimprod2018283
619,4.1,Estée Lauder,923,88.0,Revitalizing Supreme+ Global Anti-Aging Cell Power Crème,/revitalizing-supreme-global-anti-aging-cell-power-creme?productId=xlsImpprod14641599
620,4.6,Olay,2388,28.99,Regenerist Micro Sculpting Cream,/regenerist-micro-sculpting-cream?productId=xlsImpprod5981450
621,4.1,Estée Lauder,120,55.0,DayWear Multi-Protection Anti-Oxidant 24H-Moisture Crème Broad Spectrum SPF 15,/daywear-multi-protection-anti-oxidant-24h-moisture-creme-broad-spectrum-spf-15?productId=xlsImpprod14641487
622,4.1,La Roche-Posay,316,19.99,Toleriane Double Repair Moisturizer,/toleriane-double-repair-moisturizer?productId=xlsImpprod16011007
623,4.5,Perricone MD,358,69.0,High Potency Classics Hyaluronic Intensive Moisturizer,/high-potency-classics-hyaluronic-intensive-moisturizer?productId=xlsImpprod19011037
624,4.1,Neutrogena,591,31.99,Rapid Wrinkle Repair Regenerating Cream,/rapid-wrinkle-repair-regenerating-cream?productId=xlsImpprod15321221
625,4.6,La Roche-Posay,323,14.99,Cicaplast Baume B5 Soothing Repairing Balm,/cicaplast-baume-b5-soothing-repairing-balm?productId=pimprod2018263
626,3.9,First Aid Beauty,103,34.0,Hello FAB Coconut Water Cream,/hello-fab-coconut-water-cream?productId=pimprod2012903
627,4.7,Perricone MD,19,69.0,Vitamin C Ester Photo-Brightening Moisturizer Broad Spectrum SPF 30,/vitamin-c-ester-photo-brightening-moisturizer-broad-spectrum-spf-30?productId=xlsImpprod19011035
628,4.5,StriVectin,255,139.0,SD Advanced Plus Intensive Moisturizing Concentrate For Wrinkles & Stretch Marks,/sd-advanced-plus-intensive-moisturizing-concentrate-wrinkles-stretch-marks?productId=xlsImpprod6470101
629,4.4,Peter Thomas Roth,390,52.0,Water Drench Hyaluronic Cloud Cream,/water-drench-hyaluronic-cloud-cream?productId=xlsImpprod15261059
630,4.6,CeraVe,141,28.99,SA Cream For Rough & Bumpy Skin,/sa-cream-rough-bumpy-skin?productId=xlsImpprod13762087
631,4.6,Olay,320,38.99,Collagen Peptide 24 Moisturizer,/collagen-peptide-24-moisturizer?productId=pimprod2019980
632,4.1,Perricone MD,29,69.0,High Potency Classics Face Finishing & Firming Tinted Moisturizer SPF 30,/high-potency-classics-face-finishing-firming-tinted-moisturizer-spf-30?productId=xlsImpprod19011041
633,4.9,First Aid Beauty,14,44.0,Ultra Repair Cream Jumbo,/ultra-repair-cream-jumbo?productId=pimprod2017303
634,4.1,Tula,68,58.0,Protect + Plump Firming & Hydrating Face Moisturizer,/protect-plump-firming-hydrating-face-moisturizer?productId=pimprod2019788
635,4.3,PÜR,98,38.0,4-In-1 Cloud Cream,/4-in-1-cloud-cream?productId=xlsImpprod18931500
636,4.7,Lancôme,3380,130.0,Rènergie Lift Multi-Action Ultra Face Cream SPF 30,/renergie-lift-multi-action-ultra-face-cream-spf-30?productId=pimprod2013105
637,4.6,La Roche-Posay,223,29.99,Toleriane Ultra Face Moisturizer for Sensitive Skin,/toleriane-ultra-face-moisturizer-sensitive-skin?productId=pimprod2002095
638,4.5,No7,486,24.99,Protect & Perfect Intense Advanced Day Cream SPF 30,/protect-perfect-intense-advanced-day-cream-spf-30?productId=xlsImpprod5140153
639,4.8,Jack Black,450,48.0,Double Duty Face Moisturizer SPF 20,/double-duty-face-moisturizer-spf-20?productId=xlsImpprod3730165
640,4.7,Ursa Major,85,48.0,Golden Hour Recovery Cream,/golden-hour-recovery-cream?productId=pimprod2017692
641,4.6,e.l.f. Cosmetics,200,12.0,Fragrance Free Holy Hydration! Face Cream,/fragrance-free-holy-hydration-face-cream?productId=pimprod2013329
642,4.6,Lancôme,1461,122.0,Rénergie Lift Multi-Action Lifting And Firming Cream - All Skin Types,/renergie-lift-multi-action-lifting-firming-cream-all-skin-types?productId=xlsImpprod4700067
643,4.6,It Cosmetics,567,36.0,Confidence In A Gel Lotion Oil-Free Moisturizer,/confidence-in-a-gel-lotion-oil-free-moisturizer?productId=pimprod2003306
644,4.6,Dermalogica,863,50.0,Calm Water Gel,/calm-water-gel?productId=xlsImpprod17491035
645,4.4,Clinique,545,69.0,Clinique Smart Clinical MD Multi-Dimensional Age Transformer Duo Resculpt + Revolumize,/clinique-smart-clinical-md-multi-dimensional-age-transformer-duo-resculpt-revolumize?productId=pimprod2008532
646,3.8,Too Faced,45,35.0,Hangover Good to Go Skin Protecting SPF 25 Moisturizer,/hangover-good-go-skin-protecting-spf-25-moisturizer?productId=pimprod2007403
647,4.4,Philosophy,1102,78.0,Ultimate Miracle Worker SPF 30,/ultimate-miracle-worker-spf-30?productId=xlsImpprod12661073
648,4.6,bareMinerals,538,38.0,Butter Drench Restorative Rich Cream,/butter-drench-restorative-rich-cream?productId=xlsImpprod13481001
649,4.5,Murad,177,65.0,Essential-C Day Moisture Broad Spectrum SPF 30 / PA+++,/essential-c-day-moisture-broad-spectrum-spf-30-pa?productId=xlsImpprod1650195
650,4.5,ELEMIS,724,128.0,Pro-Collagen Marine Cream,/pro-collagen-marine-cream?productId=xlsImpprod18731125
651,4.7,Aveeno,187,23.99,Calm + Restore Oat Gel Moisturizer,/calm-restore-oat-gel-moisturizer?productId=pimprod2017659
652,4.8,Kiehl's Since 1851,14,68.0,Super Multi-Corrective Anti-Aging Face and Neck Cream,/super-multi-corrective-anti-aging-face-neck-cream?productId=pimprod2018365
653,4.1,It Cosmetics,379,49.5,Bye Bye Redness Sensitive Skin Moisturizer,/bye-bye-redness-sensitive-skin-moisturizer?productId=xlsImpprod16411285
654,3.6,Mario Badescu,42,26.0,Hyaluronic Dew Cream,/hyaluronic-dew-cream?productId=pimprod2015340
655,4.5,Juice Beauty,819,70.0,STEM CELLULAR Anti-Wrinkle Moisturizer,/stem-cellular-anti-wrinkle-moisturizer?productId=xlsImpprod3670097
656,4.9,First Aid Beauty,59,16.0,Travel Size Ultra Repair Cream Intense Hydration,/travel-size-ultra-repair-cream-intense-hydration?productId=pimprod2013850
657,4.6,Olay,753,28.99,Regenerist Fragrance-Free Micro-Sculpting Cream,/regenerist-fragrance-free-micro-sculpting-cream?productId=xlsImpprod4180665
658,4.4,Murad,156,62.0,Nutrient-Charged Water Gel,/nutrient-charged-water-gel?productId=xlsImpprod18631021
659,4.3,Clinique,40,56.0,Smart Broad Spectrum SPF 15 Custom-Repair Moisturizer - Dry Combination,/smart-broad-spectrum-spf-15-custom-repair-moisturizer-dry-combination?productId=xlsImpprod13511137
660,4.3,Origins,403,31.0,GinZing Oil-Free Energy-Boosting Gel Moisturizer,/ginzing-oil-free-energy-boosting-gel-moisturizer?productId=pimprod2008763
661,4.6,Benefit Cosmetics,1154,42.0,Total Moisture Facial Cream,/total-moisture-facial-cream?productId=xlsImpprod3200007
662,4.8,Clinique,1049,29.5,Dramatically Different Moisturizing Cream,/dramatically-different-moisturizing-cream?productId=xlsImpprod12711079
663,4.3,Clinique,5950,39.5,Clinique iD Dramatically Different For Lines & Wrinkles,/clinique-id-dramatically-different-lines-wrinkles?productId=pimprod2014090
664,4.0,Murad,214,42.0,Oil and Pore Control Mattifier Broad Spectrum SPF 45 PA++++,/oil-pore-control-mattifier-broad-spectrum-spf-45-pa?productId=pimprod2007193
665,4.5,Clinique,76,47.0,Repairwear Laser Focus Wrinkle Correcting Eye Cream,/repairwear-laser-focus-wrinkle-correcting-eye-cream?productId=xlsImpprod12991075
666,4.5,It Cosmetics,428,49.0,Confidence in a Cream Rosy Tone Skin Brightening Moisturizer,/confidence-in-a-cream-rosy-tone-skin-brightening-moisturizer?productId=pimprod2002575
667,4.0,PEACH & LILY,23,40.0,Glass Skin Water Gel Moisturizer,/glass-skin-water-gel-moisturizer?productId=pimprod2020749
668,4.5,Murad,226,75.0,Hydro-Dynamic Ultimate Moisture,/hydro-dynamic-ultimate-moisture?productId=xlsImpprod2390225
669,4.3,Mad Hippie,161,25.99,Face Cream,/face-cream?productId=xlsImpprod18731231
670,4.4,La Roche-Posay,722,31.99,Effaclar Mat Daily Face Moisturizer for Oily Skin,/effaclar-mat-daily-face-moisturizer-oily-skin?productId=xlsImpprod5280325
671,4.7,Lancôme,634,52.0,Bienfait Multi-Vital SPF 30 Day Cream Moisturizer,/bienfait-multi-vital-spf-30-day-cream-moisturizer?productId=xlsImpprod3650024
672,3.8,SUNDAY RILEY,104,65.0,C.E.O. Vitamin C Rich Hydration Moisturizing Cream,/ceo-vitamin-c-rich-hydration-moisturizing-cream?productId=pimprod2007850
673,4.6,RoC,201,27.49,Retinol Correxion Max Daily Hydration Crème,/retinol-correxion-max-daily-hydration-creme?productId=pimprod2002111
674,3.4,First Aid Beauty,129,34.0,Weightless Liquid Mineral Sunscreen SPF 30,/weightless-liquid-mineral-sunscreen-spf-30?productId=pimprod2014225
675,4.3,Estée Lauder,8,114.0,Resilience Multi-Effect Tri-Peptide Face and Neck Creme SPF 15,/resilience-multi-effect-tri-peptide-face-neck-creme-spf-15?productId=pimprod2002477
676,4.5,Philosophy,676,28.0,Purity Made Simple Moisturizer,/purity-made-simple-moisturizer?productId=xlsImpprod17561003
677,4.5,Olay,340,24.99,Total Effects Anti-Aging Moisturizer With SPF 30,/total-effects-anti-aging-moisturizer-with-spf-30?productId=xlsImpprod6460069
678,4.4,Smashbox,317,42.0,Photo Finish Primerizer Moisturizing Primer,/photo-finish-primerizer-moisturizing-primer?productId=xlsImpprod16321360
679,4.6,Philosophy,666,39.0,Renewed Hope in a Jar Water Cream Hyaluronic Glow Moisturizer,/renewed-hope-in-a-jar-water-cream-hyaluronic-glow-moisturizer?productId=pimprod2009650
